Starting array task  on n01 with 32 CPUs
--- Slurm Task 0/0 ---
Total dataset size: 42681
Assigned to this node: 42681 subjects (indices 0 to 42680)
Using 32 local CPUs/Workers
[Worker 8] Starting conversion of 1334 subjects...
# writing /mnt/beegfs02/scratch/a_morelli/model_training/handedness/png_resized_padded/train/worker8_shard-000000.tar 0 0.0 GB 0
[Worker 8] Processing 10/1334
[Worker 8] Processing 20/1334
[Worker 8] Processing 30/1334
[Worker 8] Processing 40/1334
[Worker 8] Processing 50/1334
[Worker 8] Processing 60/1334
[Worker 8] Processing 70/1334
[Worker 8] Processing 80/1334
[Worker 8] Processing 90/1334
[Worker 8] Processing 100/1334
[Worker 8] Processing 110/1334
[Worker 8] Processing 120/1334
[Worker 8] Processing 130/1334
[Worker 8] Processing 140/1334
[Worker 8] Processing 150/1334
[Worker 8] Processing 160/1334
[Worker 8] Processing 170/1334
[Worker 8] Processing 180/1334
[Worker 8] Processing 190/1334
[Worker 8] Processing 200/1334
[Worker 8] Processing 210/1334
[Worker 8] Processing 220/1334
[Worker 8] Processing 230/1334
[Worker 8] Processing 240/1334
[Worker 8] Processing 250/1334
[Worker 8] Processing 260/1334
[Worker 8] Processing 270/1334
[Worker 8] Processing 280/1334
[Worker 8] Processing 290/1334
[Worker 8] Processing 300/1334
[Worker 8] Processing 310/1334
[Worker 8] Processing 320/1334
[Worker 8] Processing 330/1334
[Worker 8] Processing 340/1334
[Worker 8] Processing 350/1334
[Worker 8] Processing 360/1334
[Worker 8] Processing 370/1334
[Worker 8] Processing 380/1334
[Worker 8] Processing 390/1334
[Worker 8] Processing 400/1334
[Worker 8] Processing 410/1334
[Worker 8] Processing 420/1334
[Worker 8] Processing 430/1334
[Worker 8] Processing 440/1334
[Worker 8] Processing 450/1334
[Worker 8] Processing 460/1334
[Worker 8] Processing 470/1334
[Worker 8] Processing 480/1334
[Worker 8] Processing 490/1334
[Worker 8] Processing 500/1334
[Worker 8] Processing 510/1334
[Worker 8] Processing 520/1334
[Worker 8] Processing 530/1334
[Worker 8] Processing 540/1334
[Worker 8] Processing 550/1334
[Worker 8] Processing 560/1334
[Worker 8] Processing 570/1334
[Worker 8] Processing 580/1334
[Worker 8] Processing 590/1334
[Worker 8] Processing 600/1334
[Worker 8] Processing 610/1334
[Worker 8] Processing 620/1334
[Worker 8] Processing 630/1334
[Worker 8] Processing 640/1334
[Worker 8] Processing 650/1334
[Worker 8] Processing 660/1334
[Worker 8] Processing 670/1334
[Worker 8] Processing 680/1334
[Worker 8] Processing 690/1334
[Worker 8] Processing 700/1334
[Worker 8] Processing 710/1334
[Worker 8] Processing 720/1334
[Worker 8] Processing 730/1334
[Worker 8] Processing 740/1334
[Worker 8] Processing 750/1334
[Worker 8] Processing 760/1334
[Worker 8] Processing 770/1334
[Worker 8] Processing 780/1334
[Worker 8] Processing 790/1334
[Worker 8] Processing 800/1334
[Worker 8] Processing 810/1334
[Worker 8] Processing 820/1334
[Worker 8] Processing 830/1334
[Worker 8] Processing 840/1334
[Worker 8] Processing 850/1334
[Worker 8] Processing 860/1334
[Worker 8] Processing 870/1334
[Worker 8] Processing 880/1334
[Worker 8] Processing 890/1334
[Worker 8] Processing 900/1334
[Worker 8] Processing 910/1334
[Worker 8] Processing 920/1334
[Worker 8] Processing 930/1334
[Worker 8] Processing 940/1334
[Worker 8] Processing 950/1334
[Worker 8] Processing 960/1334
[Worker 8] Processing 970/1334
[Worker 8] Processing 980/1334
[Worker 8] Processing 990/1334
[Worker 8] Processing 1000/1334
# writing /mnt/beegfs02/scratch/a_morelli/model_training/handedness/png_resized_padded/train/worker8_shard-000001.tar 1000 0.1 GB 1000
[Worker 8] Processing 1010/1334
[Worker 8] Processing 1020/1334
[Worker 8] Processing 1030/1334
[Worker 8] Processing 1040/1334
[Worker 8] Processing 1050/1334
[Worker 8] Processing 1060/1334
[Worker 8] Processing 1070/1334
[Worker 8] Processing 1080/1334
[Worker 8] Processing 1090/1334
[Worker 8] Processing 1100/1334
[Worker 8] Processing 1110/1334
[Worker 8] Processing 1120/1334
[Worker 8] Processing 1130/1334
[Worker 8] Processing 1140/1334
[Worker 8] Processing 1150/1334
[Worker 8] Processing 1160/1334
[Worker 8] Processing 1170/1334
[Worker 8] Processing 1180/1334
[Worker 8] Processing 1190/1334
[Worker 8] Processing 1200/1334
[Worker 8] Processing 1210/1334
[Worker 8] Processing 1220/1334
[Worker 8] Processing 1230/1334
[Worker 8] Processing 1240/1334
[Worker 8] Processing 1250/1334
[Worker 8] Processing 1260/1334
[Worker 8] Processing 1270/1334
[Worker 8] Processing 1280/1334
[Worker 8] Processing 1290/1334
[Worker 8] Processing 1300/1334
[Worker 8] Processing 1310/1334
[Worker 8] Processing 1320/1334
[Worker 8] Processing 1330/1334
[Worker 8] Complete!
[Worker 24] Starting conversion of 1334 subjects...
# writing /mnt/beegfs02/scratch/a_morelli/model_training/handedness/png_resized_padded/train/worker24_shard-000000.tar 0 0.0 GB 0
[Worker 24] Processing 10/1334
[Worker 24] Processing 20/1334
[Worker 24] Processing 30/1334
[Worker 24] Processing 40/1334
[Worker 24] Processing 50/1334
[Worker 24] Processing 60/1334
[Worker 24] Processing 70/1334
[Worker 24] Processing 80/1334
[Worker 24] Processing 90/1334
[Worker 24] Processing 100/1334
[Worker 24] Processing 110/1334
[Worker 24] Processing 120/1334
[Worker 24] Processing 130/1334
[Worker 24] Processing 140/1334
[Worker 24] Processing 150/1334
[Worker 24] Processing 160/1334
[Worker 24] Processing 170/1334
[Worker 24] Processing 180/1334
[Worker 24] Processing 190/1334
[Worker 24] Processing 200/1334
[Worker 24] Processing 210/1334
[Worker 24] Processing 220/1334
[Worker 24] Processing 230/1334
[Worker 24] Processing 240/1334
[Worker 24] Processing 250/1334
[Worker 24] Processing 260/1334
[Worker 24] Processing 270/1334
[Worker 24] Processing 280/1334
[Worker 24] Processing 290/1334
[Worker 24] Processing 300/1334
[Worker 24] Processing 310/1334
[Worker 24] Processing 320/1334
[Worker 24] Processing 330/1334
[Worker 24] Processing 340/1334
[Worker 24] Processing 350/1334
[Worker 24] Processing 360/1334
[Worker 24] Processing 370/1334
[Worker 24] Processing 380/1334
[Worker 24] Processing 390/1334
[Worker 24] Processing 400/1334
[Worker 24] Processing 410/1334
[Worker 24] Processing 420/1334
[Worker 24] Processing 430/1334
[Worker 24] Processing 440/1334
[Worker 24] Processing 450/1334
[Worker 24] Processing 460/1334
[Worker 24] Processing 470/1334
[Worker 24] Processing 480/1334
[Worker 24] Processing 490/1334
[Worker 24] Processing 500/1334
[Worker 24] Processing 510/1334
[Worker 24] Processing 520/1334
[Worker 24] Processing 530/1334
[Worker 24] Processing 540/1334
[Worker 24] Processing 550/1334
[Worker 24] Processing 560/1334
[Worker 24] Processing 570/1334
[Worker 24] Processing 580/1334
[Worker 24] Processing 590/1334
[Worker 24] Processing 600/1334
[Worker 24] Processing 610/1334
[Worker 24] Processing 620/1334
[Worker 24] Processing 630/1334
[Worker 24] Processing 640/1334
[Worker 24] Processing 650/1334
[Worker 24] Processing 660/1334
[Worker 24] Processing 670/1334
[Worker 24] Processing 680/1334
[Worker 24] Processing 690/1334
[Worker 24] Processing 700/1334
[Worker 24] Processing 710/1334
[Worker 24] Processing 720/1334
[Worker 24] Processing 730/1334
[Worker 24] Processing 740/1334
[Worker 24] Processing 750/1334
[Worker 24] Processing 760/1334
[Worker 24] Processing 770/1334
[Worker 24] Processing 780/1334
[Worker 24] Processing 790/1334
[Worker 24] Processing 800/1334
[Worker 24] Processing 810/1334
[Worker 24] Processing 820/1334
[Worker 24] Processing 830/1334
[Worker 24] Processing 840/1334
[Worker 24] Processing 850/1334
[Worker 24] Processing 860/1334
[Worker 24] Processing 870/1334
[Worker 24] Processing 880/1334
[Worker 24] Processing 890/1334
[Worker 24] Processing 900/1334
[Worker 24] Processing 910/1334
[Worker 24] Processing 920/1334
[Worker 24] Processing 930/1334
[Worker 24] Processing 940/1334
[Worker 24] Processing 950/1334
[Worker 24] Processing 960/1334
[Worker 24] Processing 970/1334
[Worker 24] Processing 980/1334
[Worker 24] Processing 990/1334
[Worker 24] Processing 1000/1334
# writing /mnt/beegfs02/scratch/a_morelli/model_training/handedness/png_resized_padded/train/worker24_shard-000001.tar 1000 0.1 GB 1000
[Worker 24] Processing 1010/1334
[Worker 24] Processing 1020/1334
[Worker 24] Processing 1030/1334
[Worker 24] Processing 1040/1334
[Worker 24] Processing 1050/1334
[Worker 24] Processing 1060/1334
[Worker 24] Processing 1070/1334
[Worker 24] Processing 1080/1334
[Worker 24] Processing 1090/1334
[Worker 24] Processing 1100/1334
[Worker 24] Processing 1110/1334
[Worker 24] Processing 1120/1334
[Worker 24] Processing 1130/1334
[Worker 24] Processing 1140/1334
[Worker 24] Processing 1150/1334
[Worker 24] Processing 1160/1334
[Worker 24] Processing 1170/1334
[Worker 24] Processing 1180/1334
[Worker 24] Processing 1190/1334
[Worker 24] Processing 1200/1334
[Worker 24] Processing 1210/1334
[Worker 24] Processing 1220/1334
[Worker 24] Processing 1230/1334
[Worker 24] Processing 1240/1334
[Worker 24] Processing 1250/1334
[Worker 24] Processing 1260/1334
[Worker 24] Processing 1270/1334
[Worker 24] Processing 1280/1334
[Worker 24] Processing 1290/1334
[Worker 24] Processing 1300/1334
[Worker 24] Processing 1310/1334
[Worker 24] Processing 1320/1334
[Worker 24] Processing 1330/1334
[Worker 24] Complete!
[Worker 21] Starting conversion of 1334 subjects...
# writing /mnt/beegfs02/scratch/a_morelli/model_training/handedness/png_resized_padded/train/worker21_shard-000000.tar 0 0.0 GB 0
[Worker 21] Processing 10/1334
[Worker 21] Processing 20/1334
[Worker 21] Processing 30/1334
[Worker 21] Processing 40/1334
[Worker 21] Processing 50/1334
[Worker 21] Processing 60/1334
[Worker 21] Processing 70/1334
[Worker 21] Processing 80/1334
[Worker 21] Processing 90/1334
[Worker 21] Processing 100/1334
[Worker 21] Processing 110/1334
[Worker 21] Processing 120/1334
[Worker 21] Processing 130/1334
[Worker 21] Processing 140/1334
[Worker 21] Processing 150/1334
[Worker 21] Processing 160/1334
[Worker 21] Processing 170/1334
[Worker 21] Processing 180/1334
[Worker 21] Processing 190/1334
[Worker 21] Processing 200/1334
[Worker 21] Processing 210/1334
[Worker 21] Processing 220/1334
[Worker 21] Processing 230/1334
[Worker 21] Processing 240/1334
[Worker 21] Processing 250/1334
[Worker 21] Processing 260/1334
[Worker 21] Processing 270/1334
[Worker 21] Processing 280/1334
[Worker 21] Processing 290/1334
[Worker 21] Processing 300/1334
[Worker 21] Processing 310/1334
[Worker 21] Processing 320/1334
[Worker 21] Processing 330/1334
[Worker 21] Processing 340/1334
[Worker 21] Processing 350/1334
[Worker 21] Processing 360/1334
[Worker 21] Processing 370/1334
[Worker 21] Processing 380/1334
[Worker 21] Processing 390/1334
[Worker 21] Processing 400/1334
[Worker 21] Processing 410/1334
[Worker 21] Processing 420/1334
[Worker 21] Processing 430/1334
[Worker 21] Processing 440/1334
[Worker 21] Processing 450/1334
[Worker 21] Processing 460/1334
[Worker 21] Processing 470/1334
[Worker 21] Processing 480/1334
[Worker 21] Processing 490/1334
[Worker 21] Processing 500/1334
[Worker 21] Processing 510/1334
[Worker 21] Processing 520/1334
[Worker 21] Processing 530/1334
[Worker 21] Processing 540/1334
[Worker 21] Processing 550/1334
[Worker 21] Processing 560/1334
[Worker 21] Processing 570/1334
[Worker 21] Processing 580/1334
[Worker 21] Processing 590/1334
[Worker 21] Processing 600/1334
[Worker 21] Processing 610/1334
[Worker 21] Processing 620/1334
[Worker 21] Processing 630/1334
[Worker 21] Processing 640/1334
[Worker 21] Processing 650/1334
[Worker 21] Processing 660/1334
[Worker 21] Processing 670/1334
[Worker 21] Processing 680/1334
[Worker 21] Processing 690/1334
[Worker 21] Processing 700/1334
[Worker 21] Processing 710/1334
[Worker 21] Processing 720/1334
[Worker 21] Processing 730/1334
[Worker 21] Processing 740/1334
[Worker 21] Processing 750/1334
[Worker 21] Processing 760/1334
[Worker 21] Processing 770/1334
[Worker 21] Processing 780/1334
[Worker 21] Processing 790/1334
[Worker 21] Processing 800/1334
[Worker 21] Processing 810/1334
[Worker 21] Processing 820/1334
[Worker 21] Processing 830/1334
[Worker 21] Processing 840/1334
[Worker 21] Processing 850/1334
[Worker 21] Processing 860/1334
[Worker 21] Processing 870/1334
[Worker 21] Processing 880/1334
[Worker 21] Processing 890/1334
[Worker 21] Processing 900/1334
[Worker 21] Processing 910/1334
[Worker 21] Processing 920/1334
[Worker 21] Processing 930/1334
[Worker 21] Processing 940/1334
[Worker 21] Processing 950/1334
[Worker 21] Processing 960/1334
[Worker 21] Processing 970/1334
[Worker 21] Processing 980/1334
[Worker 21] Processing 990/1334
[Worker 21] Processing 1000/1334
# writing /mnt/beegfs02/scratch/a_morelli/model_training/handedness/png_resized_padded/train/worker21_shard-000001.tar 1000 0.1 GB 1000
[Worker 21] Processing 1010/1334
[Worker 21] Processing 1020/1334
[Worker 21] Processing 1030/1334
[Worker 21] Processing 1040/1334
[Worker 21] Processing 1050/1334
[Worker 21] Processing 1060/1334
[Worker 21] Processing 1070/1334
[Worker 21] Processing 1080/1334
[Worker 21] Processing 1090/1334
[Worker 21] Processing 1100/1334
[Worker 21] Processing 1110/1334
[Worker 21] Processing 1120/1334
[Worker 21] Processing 1130/1334
[Worker 21] Processing 1140/1334
[Worker 21] Processing 1150/1334
[Worker 21] Processing 1160/1334
[Worker 21] Processing 1170/1334
[Worker 21] Processing 1180/1334
[Worker 21] Processing 1190/1334
[Worker 21] Processing 1200/1334
[Worker 21] Processing 1210/1334
[Worker 21] Processing 1220/1334
[Worker 21] Processing 1230/1334
[Worker 21] Processing 1240/1334
[Worker 21] Processing 1250/1334
[Worker 21] Processing 1260/1334
[Worker 21] Processing 1270/1334
[Worker 21] Processing 1280/1334
[Worker 21] Processing 1290/1334
[Worker 21] Processing 1300/1334
[Worker 21] Processing 1310/1334
[Worker 21] Processing 1320/1334
[Worker 21] Processing 1330/1334
[Worker 21] Complete!
[Worker 3] Starting conversion of 1334 subjects...
# writing /mnt/beegfs02/scratch/a_morelli/model_training/handedness/png_resized_padded/train/worker3_shard-000000.tar 0 0.0 GB 0
[Worker 3] Processing 10/1334
[Worker 3] Processing 20/1334
[Worker 3] Processing 30/1334
[Worker 3] Processing 40/1334
[Worker 3] Processing 50/1334
[Worker 3] Processing 60/1334
[Worker 3] Processing 70/1334
[Worker 3] Processing 80/1334
[Worker 3] Processing 90/1334
[Worker 3] Processing 100/1334
[Worker 3] Processing 110/1334
[Worker 3] Processing 120/1334
[Worker 3] Processing 130/1334
[Worker 3] Processing 140/1334
[Worker 3] Processing 150/1334
[Worker 3] Processing 160/1334
[Worker 3] Processing 170/1334
[Worker 3] Processing 180/1334
[Worker 3] Processing 190/1334
[Worker 3] Processing 200/1334
[Worker 3] Processing 210/1334
[Worker 3] Processing 220/1334
[Worker 3] Processing 230/1334
[Worker 3] Processing 240/1334
[Worker 3] Processing 250/1334
[Worker 3] Processing 260/1334
[Worker 3] Processing 270/1334
[Worker 3] Processing 280/1334
[Worker 3] Processing 290/1334
[Worker 3] Processing 300/1334
[Worker 3] Processing 310/1334
[Worker 3] Processing 320/1334
[Worker 3] Processing 330/1334
[Worker 3] Processing 340/1334
[Worker 3] Processing 350/1334
[Worker 3] Processing 360/1334
[Worker 3] Processing 370/1334
[Worker 3] Processing 380/1334
[Worker 3] Processing 390/1334
[Worker 3] Processing 400/1334
[Worker 3] Processing 410/1334
[Worker 3] Processing 420/1334
[Worker 3] Processing 430/1334
[Worker 3] Processing 440/1334
[Worker 3] Processing 450/1334
[Worker 3] Processing 460/1334
[Worker 3] Processing 470/1334
[Worker 3] Processing 480/1334
[Worker 3] Processing 490/1334
[Worker 3] Processing 500/1334
[Worker 3] Processing 510/1334
[Worker 3] Processing 520/1334
[Worker 3] Processing 530/1334
[Worker 3] Processing 540/1334
[Worker 3] Processing 550/1334
[Worker 3] Processing 560/1334
[Worker 3] Processing 570/1334
[Worker 3] Processing 580/1334
[Worker 3] Processing 590/1334
[Worker 3] Processing 600/1334
[Worker 3] Processing 610/1334
[Worker 3] Processing 620/1334
[Worker 3] Processing 630/1334
[Worker 3] Processing 640/1334
[Worker 3] Processing 650/1334
[Worker 3] Processing 660/1334
[Worker 3] Processing 670/1334
[Worker 3] Processing 680/1334
[Worker 3] Processing 690/1334
[Worker 3] Processing 700/1334
[Worker 3] Processing 710/1334
[Worker 3] Processing 720/1334
[Worker 3] Processing 730/1334
[Worker 3] Processing 740/1334
[Worker 3] Processing 750/1334
[Worker 3] Processing 760/1334
[Worker 3] Processing 770/1334
[Worker 3] Processing 780/1334
[Worker 3] Processing 790/1334
[Worker 3] Processing 800/1334
[Worker 3] Processing 810/1334
[Worker 3] Processing 820/1334
[Worker 3] Processing 830/1334
[Worker 3] Processing 840/1334
[Worker 3] Processing 850/1334
[Worker 3] Processing 860/1334
[Worker 3] Processing 870/1334
[Worker 3] Processing 880/1334
[Worker 3] Processing 890/1334
[Worker 3] Processing 900/1334
[Worker 3] Processing 910/1334
[Worker 3] Processing 920/1334
[Worker 3] Processing 930/1334
[Worker 3] Processing 940/1334
[Worker 3] Processing 950/1334
[Worker 3] Processing 960/1334
[Worker 3] Processing 970/1334
[Worker 3] Processing 980/1334
[Worker 3] Processing 990/1334
[Worker 3] Processing 1000/1334
# writing /mnt/beegfs02/scratch/a_morelli/model_training/handedness/png_resized_padded/train/worker3_shard-000001.tar 1000 0.1 GB 1000
[Worker 3] Processing 1010/1334
[Worker 3] Processing 1020/1334
[Worker 3] Processing 1030/1334
[Worker 3] Processing 1040/1334
[Worker 3] Processing 1050/1334
[Worker 3] Processing 1060/1334
[Worker 3] Processing 1070/1334
[Worker 3] Processing 1080/1334
[Worker 3] Processing 1090/1334
[Worker 3] Processing 1100/1334
[Worker 3] Processing 1110/1334
[Worker 3] Processing 1120/1334
[Worker 3] Processing 1130/1334
[Worker 3] Processing 1140/1334
[Worker 3] Processing 1150/1334
[Worker 3] Processing 1160/1334
[Worker 3] Processing 1170/1334
[Worker 3] Processing 1180/1334
[Worker 3] Processing 1190/1334
[Worker 3] Processing 1200/1334
[Worker 3] Processing 1210/1334
[Worker 3] Processing 1220/1334
[Worker 3] Processing 1230/1334
[Worker 3] Processing 1240/1334
[Worker 3] Processing 1250/1334
[Worker 3] Processing 1260/1334
[Worker 3] Processing 1270/1334
[Worker 3] Processing 1280/1334
[Worker 3] Processing 1290/1334
[Worker 3] Processing 1300/1334
[Worker 3] Processing 1310/1334
[Worker 3] Processing 1320/1334
[Worker 3] Processing 1330/1334
[Worker 3] Complete!
[Worker 2] Starting conversion of 1334 subjects...
# writing /mnt/beegfs02/scratch/a_morelli/model_training/handedness/png_resized_padded/train/worker2_shard-000000.tar 0 0.0 GB 0
[Worker 2] Processing 10/1334
[Worker 2] Processing 20/1334
[Worker 2] Processing 30/1334
[Worker 2] Processing 40/1334
[Worker 2] Processing 50/1334
[Worker 2] Processing 60/1334
[Worker 2] Processing 70/1334
[Worker 2] Processing 80/1334
[Worker 2] Processing 90/1334
[Worker 2] Processing 100/1334
[Worker 2] Processing 110/1334
[Worker 2] Processing 120/1334
[Worker 2] Processing 130/1334
[Worker 2] Processing 140/1334
[Worker 2] Processing 150/1334
[Worker 2] Processing 160/1334
[Worker 2] Processing 170/1334
[Worker 2] Processing 180/1334
[Worker 2] Processing 190/1334
[Worker 2] Processing 200/1334
[Worker 2] Processing 210/1334
[Worker 2] Processing 220/1334
[Worker 2] Processing 230/1334
[Worker 2] Processing 240/1334
[Worker 2] Processing 250/1334
[Worker 2] Processing 260/1334
[Worker 2] Processing 270/1334
[Worker 2] Processing 280/1334
[Worker 2] Processing 290/1334
[Worker 2] Processing 300/1334
[Worker 2] Processing 310/1334
[Worker 2] Processing 320/1334
[Worker 2] Processing 330/1334
[Worker 2] Processing 340/1334
[Worker 2] Processing 350/1334
[Worker 2] Processing 360/1334
[Worker 2] Processing 370/1334
[Worker 2] Processing 380/1334
[Worker 2] Processing 390/1334
[Worker 2] Processing 400/1334
[Worker 2] Processing 410/1334
[Worker 2] Processing 420/1334
[Worker 2] Processing 430/1334
[Worker 2] Processing 440/1334
[Worker 2] Processing 450/1334
[Worker 2] Processing 460/1334
[Worker 2] Processing 470/1334
[Worker 2] Processing 480/1334
[Worker 2] Processing 490/1334
[Worker 2] Processing 500/1334
[Worker 2] Processing 510/1334
[Worker 2] Processing 520/1334
[Worker 2] Processing 530/1334
[Worker 2] Processing 540/1334
[Worker 2] Processing 550/1334
[Worker 2] Processing 560/1334
[Worker 2] Processing 570/1334
[Worker 2] Processing 580/1334
[Worker 2] Processing 590/1334
[Worker 2] Processing 600/1334
[Worker 2] Processing 610/1334
[Worker 2] Processing 620/1334
[Worker 2] Processing 630/1334
[Worker 2] Processing 640/1334
[Worker 2] Processing 650/1334
[Worker 2] Processing 660/1334
[Worker 2] Processing 670/1334
[Worker 2] Processing 680/1334
[Worker 2] Processing 690/1334
[Worker 2] Processing 700/1334
[Worker 2] Processing 710/1334
[Worker 2] Processing 720/1334
[Worker 2] Processing 730/1334
[Worker 2] Processing 740/1334
[Worker 2] Processing 750/1334
[Worker 2] Processing 760/1334
[Worker 2] Processing 770/1334
[Worker 2] Processing 780/1334
[Worker 2] Processing 790/1334
[Worker 2] Processing 800/1334
[Worker 2] Processing 810/1334
[Worker 2] Processing 820/1334
[Worker 2] Processing 830/1334
[Worker 2] Processing 840/1334
[Worker 2] Processing 850/1334
[Worker 2] Processing 860/1334
[Worker 2] Processing 870/1334
[Worker 2] Processing 880/1334
[Worker 2] Processing 890/1334
[Worker 2] Processing 900/1334
[Worker 2] Processing 910/1334
[Worker 2] Processing 920/1334
[Worker 2] Processing 930/1334
[Worker 2] Processing 940/1334
[Worker 2] Processing 950/1334
[Worker 2] Processing 960/1334
[Worker 2] Processing 970/1334
[Worker 2] Processing 980/1334
[Worker 2] Processing 990/1334
[Worker 2] Processing 1000/1334
# writing /mnt/beegfs02/scratch/a_morelli/model_training/handedness/png_resized_padded/train/worker2_shard-000001.tar 1000 0.1 GB 1000
[Worker 2] Processing 1010/1334
[Worker 2] Processing 1020/1334
[Worker 2] Processing 1030/1334
[Worker 2] Processing 1040/1334
[Worker 2] Processing 1050/1334
[Worker 2] Processing 1060/1334
[Worker 2] Processing 1070/1334
[Worker 2] Processing 1080/1334
[Worker 2] Processing 1090/1334
[Worker 2] Processing 1100/1334
[Worker 2] Processing 1110/1334
[Worker 2] Processing 1120/1334
[Worker 2] Processing 1130/1334
[Worker 2] Processing 1140/1334
[Worker 2] Processing 1150/1334
[Worker 2] Processing 1160/1334
[Worker 2] Processing 1170/1334
[Worker 2] Processing 1180/1334
[Worker 2] Processing 1190/1334
[Worker 2] Processing 1200/1334
[Worker 2] Processing 1210/1334
[Worker 2] Processing 1220/1334
[Worker 2] Processing 1230/1334
[Worker 2] Processing 1240/1334
[Worker 2] Processing 1250/1334
[Worker 2] Processing 1260/1334
[Worker 2] Processing 1270/1334
[Worker 2] Processing 1280/1334
[Worker 2] Processing 1290/1334
[Worker 2] Processing 1300/1334
[Worker 2] Processing 1310/1334
[Worker 2] Processing 1320/1334
[Worker 2] Processing 1330/1334
[Worker 2] Complete!
[Worker 31] Starting conversion of 1327 subjects...
# writing /mnt/beegfs02/scratch/a_morelli/model_training/handedness/png_resized_padded/train/worker31_shard-000000.tar 0 0.0 GB 0
[Worker 31] Processing 10/1327
[Worker 31] Processing 20/1327
[Worker 31] Processing 30/1327
[Worker 31] Processing 40/1327
[Worker 31] Processing 50/1327
[Worker 31] Processing 60/1327
[Worker 31] Processing 70/1327
[Worker 31] Processing 80/1327
[Worker 31] Processing 90/1327
[Worker 31] Processing 100/1327
[Worker 31] Processing 110/1327
[Worker 31] Processing 120/1327
[Worker 31] Processing 130/1327
[Worker 31] Processing 140/1327
[Worker 31] Processing 150/1327
[Worker 31] Processing 160/1327
[Worker 31] Processing 170/1327
[Worker 31] Processing 180/1327
[Worker 31] Processing 190/1327
[Worker 31] Processing 200/1327
[Worker 31] Processing 210/1327
[Worker 31] Processing 220/1327
[Worker 31] Processing 230/1327
[Worker 31] Processing 240/1327
[Worker 31] Processing 250/1327
[Worker 31] Processing 260/1327
[Worker 31] Processing 270/1327
[Worker 31] Processing 280/1327
[Worker 31] Processing 290/1327
[Worker 31] Processing 300/1327
[Worker 31] Processing 310/1327
[Worker 31] Processing 320/1327
[Worker 31] Processing 330/1327
[Worker 31] Processing 340/1327
[Worker 31] Processing 350/1327
[Worker 31] Processing 360/1327
[Worker 31] Processing 370/1327
[Worker 31] Processing 380/1327
[Worker 31] Processing 390/1327
[Worker 31] Processing 400/1327
[Worker 31] Processing 410/1327
[Worker 31] Processing 420/1327
[Worker 31] Processing 430/1327
[Worker 31] Processing 440/1327
[Worker 31] Processing 450/1327
[Worker 31] Processing 460/1327
[Worker 31] Processing 470/1327
[Worker 31] Processing 480/1327
[Worker 31] Processing 490/1327
[Worker 31] Processing 500/1327
[Worker 31] Processing 510/1327
[Worker 31] Processing 520/1327
[Worker 31] Processing 530/1327
[Worker 31] Processing 540/1327
[Worker 31] Processing 550/1327
[Worker 31] Processing 560/1327
[Worker 31] Processing 570/1327
[Worker 31] Processing 580/1327
[Worker 31] Processing 590/1327
[Worker 31] Processing 600/1327
[Worker 31] Processing 610/1327
[Worker 31] Processing 620/1327
[Worker 31] Processing 630/1327
[Worker 31] Processing 640/1327
[Worker 31] Processing 650/1327
[Worker 31] Processing 660/1327
[Worker 31] Processing 670/1327
[Worker 31] Processing 680/1327
[Worker 31] Processing 690/1327
[Worker 31] Processing 700/1327
[Worker 31] Processing 710/1327
[Worker 31] Processing 720/1327
[Worker 31] Processing 730/1327
[Worker 31] Processing 740/1327
[Worker 31] Processing 750/1327
[Worker 31] Processing 760/1327
[Worker 31] Processing 770/1327
[Worker 31] Processing 780/1327
[Worker 31] Processing 790/1327
[Worker 31] Processing 800/1327
[Worker 31] Processing 810/1327
[Worker 31] Processing 820/1327
[Worker 31] Processing 830/1327
[Worker 31] Processing 840/1327
[Worker 31] Processing 850/1327
[Worker 31] Processing 860/1327
[Worker 31] Processing 870/1327
[Worker 31] Processing 880/1327
[Worker 31] Processing 890/1327
[Worker 31] Processing 900/1327
[Worker 31] Processing 910/1327
[Worker 31] Processing 920/1327
[Worker 31] Processing 930/1327
[Worker 31] Processing 940/1327
[Worker 31] Processing 950/1327
[Worker 31] Processing 960/1327
[Worker 31] Processing 970/1327
[Worker 31] Processing 980/1327
[Worker 31] Processing 990/1327
[Worker 31] Processing 1000/1327
# writing /mnt/beegfs02/scratch/a_morelli/model_training/handedness/png_resized_padded/train/worker31_shard-000001.tar 1000 0.1 GB 1000
[Worker 31] Processing 1010/1327
[Worker 31] Processing 1020/1327
[Worker 31] Processing 1030/1327
[Worker 31] Processing 1040/1327
[Worker 31] Processing 1050/1327
[Worker 31] Processing 1060/1327
[Worker 31] Processing 1070/1327
[Worker 31] Processing 1080/1327
[Worker 31] Processing 1090/1327
[Worker 31] Processing 1100/1327
[Worker 31] Processing 1110/1327
[Worker 31] Processing 1120/1327
[Worker 31] Processing 1130/1327
[Worker 31] Processing 1140/1327
[Worker 31] Processing 1150/1327
[Worker 31] Processing 1160/1327
[Worker 31] Processing 1170/1327
[Worker 31] Processing 1180/1327
[Worker 31] Processing 1190/1327
[Worker 31] Processing 1200/1327
[Worker 31] Processing 1210/1327
[Worker 31] Processing 1220/1327
[Worker 31] Processing 1230/1327
[Worker 31] Processing 1240/1327
[Worker 31] Processing 1250/1327
[Worker 31] Processing 1260/1327
[Worker 31] Processing 1270/1327
[Worker 31] Processing 1280/1327
[Worker 31] Processing 1290/1327
[Worker 31] Processing 1300/1327
[Worker 31] Processing 1310/1327
[Worker 31] Processing 1320/1327
[Worker 31] Complete!
[Worker 1] Starting conversion of 1334 subjects...
# writing /mnt/beegfs02/scratch/a_morelli/model_training/handedness/png_resized_padded/train/worker1_shard-000000.tar 0 0.0 GB 0
[Worker 1] Processing 10/1334
[Worker 1] Processing 20/1334
[Worker 1] Processing 30/1334
[Worker 1] Processing 40/1334
[Worker 1] Processing 50/1334
[Worker 1] Processing 60/1334
[Worker 1] Processing 70/1334
[Worker 1] Processing 80/1334
[Worker 1] Processing 90/1334
[Worker 1] Processing 100/1334
[Worker 1] Processing 110/1334
[Worker 1] Processing 120/1334
[Worker 1] Processing 130/1334
[Worker 1] Processing 140/1334
[Worker 1] Processing 150/1334
[Worker 1] Processing 160/1334
[Worker 1] Processing 170/1334
[Worker 1] Processing 180/1334
[Worker 1] Processing 190/1334
[Worker 1] Processing 200/1334
[Worker 1] Processing 210/1334
[Worker 1] Processing 220/1334
[Worker 1] Processing 230/1334
[Worker 1] Processing 240/1334
[Worker 1] Processing 250/1334
[Worker 1] Processing 260/1334
[Worker 1] Processing 270/1334
[Worker 1] Processing 280/1334
[Worker 1] Processing 290/1334
[Worker 1] Processing 300/1334
[Worker 1] Processing 310/1334
[Worker 1] Processing 320/1334
[Worker 1] Processing 330/1334
[Worker 1] Processing 340/1334
[Worker 1] Processing 350/1334
[Worker 1] Processing 360/1334
[Worker 1] Processing 370/1334
[Worker 1] Processing 380/1334
[Worker 1] Processing 390/1334
[Worker 1] Processing 400/1334
[Worker 1] Processing 410/1334
[Worker 1] Processing 420/1334
[Worker 1] Processing 430/1334
[Worker 1] Processing 440/1334
[Worker 1] Processing 450/1334
[Worker 1] Processing 460/1334
[Worker 1] Processing 470/1334
[Worker 1] Processing 480/1334
[Worker 1] Processing 490/1334
[Worker 1] Processing 500/1334
[Worker 1] Processing 510/1334
[Worker 1] Processing 520/1334
[Worker 1] Processing 530/1334
[Worker 1] Processing 540/1334
[Worker 1] Processing 550/1334
[Worker 1] Processing 560/1334
[Worker 1] Processing 570/1334
[Worker 1] Processing 580/1334
[Worker 1] Processing 590/1334
[Worker 1] Processing 600/1334
[Worker 1] Processing 610/1334
[Worker 1] Processing 620/1334
[Worker 1] Processing 630/1334
[Worker 1] Processing 640/1334
[Worker 1] Processing 650/1334
[Worker 1] Processing 660/1334
[Worker 1] Processing 670/1334
[Worker 1] Processing 680/1334
[Worker 1] Processing 690/1334
[Worker 1] Processing 700/1334
[Worker 1] Processing 710/1334
[Worker 1] Processing 720/1334
[Worker 1] Processing 730/1334
[Worker 1] Processing 740/1334
[Worker 1] Processing 750/1334
[Worker 1] Processing 760/1334
[Worker 1] Processing 770/1334
[Worker 1] Processing 780/1334
[Worker 1] Processing 790/1334
[Worker 1] Processing 800/1334
[Worker 1] Processing 810/1334
[Worker 1] Processing 820/1334
[Worker 1] Processing 830/1334
[Worker 1] Processing 840/1334
[Worker 1] Processing 850/1334
[Worker 1] Processing 860/1334
[Worker 1] Processing 870/1334
[Worker 1] Processing 880/1334
[Worker 1] Processing 890/1334
[Worker 1] Processing 900/1334
[Worker 1] Processing 910/1334
[Worker 1] Processing 920/1334
[Worker 1] Processing 930/1334
[Worker 1] Processing 940/1334
[Worker 1] Processing 950/1334
[Worker 1] Processing 960/1334
[Worker 1] Processing 970/1334
[Worker 1] Processing 980/1334
[Worker 1] Processing 990/1334
[Worker 1] Processing 1000/1334
# writing /mnt/beegfs02/scratch/a_morelli/model_training/handedness/png_resized_padded/train/worker1_shard-000001.tar 1000 0.1 GB 1000
[Worker 1] Processing 1010/1334
[Worker 1] Processing 1020/1334
[Worker 1] Processing 1030/1334
[Worker 1] Processing 1040/1334
[Worker 1] Processing 1050/1334
[Worker 1] Processing 1060/1334
[Worker 1] Processing 1070/1334
[Worker 1] Processing 1080/1334
[Worker 1] Processing 1090/1334
[Worker 1] Processing 1100/1334
[Worker 1] Processing 1110/1334
[Worker 1] Processing 1120/1334
[Worker 1] Processing 1130/1334
[Worker 1] Processing 1140/1334
[Worker 1] Processing 1150/1334
[Worker 1] Processing 1160/1334
[Worker 1] Processing 1170/1334
[Worker 1] Processing 1180/1334
[Worker 1] Processing 1190/1334
[Worker 1] Processing 1200/1334
[Worker 1] Processing 1210/1334
[Worker 1] Processing 1220/1334
[Worker 1] Processing 1230/1334
[Worker 1] Processing 1240/1334
[Worker 1] Processing 1250/1334
[Worker 1] Processing 1260/1334
[Worker 1] Processing 1270/1334
[Worker 1] Processing 1280/1334
[Worker 1] Processing 1290/1334
[Worker 1] Processing 1300/1334
[Worker 1] Processing 1310/1334
[Worker 1] Processing 1320/1334
[Worker 1] Processing 1330/1334
[Worker 1] Complete!
[Worker 27] Starting conversion of 1334 subjects...
# writing /mnt/beegfs02/scratch/a_morelli/model_training/handedness/png_resized_padded/train/worker27_shard-000000.tar 0 0.0 GB 0
[Worker 27] Processing 10/1334
[Worker 27] Processing 20/1334
[Worker 27] Processing 30/1334
[Worker 27] Processing 40/1334
[Worker 27] Processing 50/1334
[Worker 27] Processing 60/1334
[Worker 27] Processing 70/1334
[Worker 27] Processing 80/1334
[Worker 27] Processing 90/1334
[Worker 27] Processing 100/1334
[Worker 27] Processing 110/1334
[Worker 27] Processing 120/1334
[Worker 27] Processing 130/1334
[Worker 27] Processing 140/1334
[Worker 27] Processing 150/1334
[Worker 27] Processing 160/1334
[Worker 27] Processing 170/1334
[Worker 27] Processing 180/1334
[Worker 27] Processing 190/1334
[Worker 27] Processing 200/1334
[Worker 27] Processing 210/1334
[Worker 27] Processing 220/1334
[Worker 27] Processing 230/1334
[Worker 27] Processing 240/1334
[Worker 27] Processing 250/1334
[Worker 27] Processing 260/1334
[Worker 27] Processing 270/1334
[Worker 27] Processing 280/1334
[Worker 27] Processing 290/1334
[Worker 27] Processing 300/1334
[Worker 27] Processing 310/1334
[Worker 27] Processing 320/1334
[Worker 27] Processing 330/1334
[Worker 27] Processing 340/1334
[Worker 27] Processing 350/1334
[Worker 27] Processing 360/1334
[Worker 27] Processing 370/1334
[Worker 27] Processing 380/1334
[Worker 27] Processing 390/1334
[Worker 27] Processing 400/1334
[Worker 27] Processing 410/1334
[Worker 27] Processing 420/1334
[Worker 27] Processing 430/1334
[Worker 27] Processing 440/1334
[Worker 27] Processing 450/1334
[Worker 27] Processing 460/1334
[Worker 27] Processing 470/1334
[Worker 27] Processing 480/1334
[Worker 27] Processing 490/1334
[Worker 27] Processing 500/1334
[Worker 27] Processing 510/1334
[Worker 27] Processing 520/1334
[Worker 27] Processing 530/1334
[Worker 27] Processing 540/1334
[Worker 27] Processing 550/1334
[Worker 27] Processing 560/1334
[Worker 27] Processing 570/1334
[Worker 27] Processing 580/1334
[Worker 27] Processing 590/1334
[Worker 27] Processing 600/1334
[Worker 27] Processing 610/1334
[Worker 27] Processing 620/1334
[Worker 27] Processing 630/1334
[Worker 27] Processing 640/1334
[Worker 27] Processing 650/1334
[Worker 27] Processing 660/1334
[Worker 27] Processing 670/1334
[Worker 27] Processing 680/1334
[Worker 27] Processing 690/1334
[Worker 27] Processing 700/1334
[Worker 27] Processing 710/1334
[Worker 27] Processing 720/1334
[Worker 27] Processing 730/1334
[Worker 27] Processing 740/1334
[Worker 27] Processing 750/1334
[Worker 27] Processing 760/1334
[Worker 27] Processing 770/1334
[Worker 27] Processing 780/1334
[Worker 27] Processing 790/1334
[Worker 27] Processing 800/1334
[Worker 27] Processing 810/1334
[Worker 27] Processing 820/1334
[Worker 27] Processing 830/1334
[Worker 27] Processing 840/1334
[Worker 27] Processing 850/1334
[Worker 27] Processing 860/1334
[Worker 27] Processing 870/1334
[Worker 27] Processing 880/1334
[Worker 27] Processing 890/1334
[Worker 27] Processing 900/1334
[Worker 27] Processing 910/1334
[Worker 27] Processing 920/1334
[Worker 27] Processing 930/1334
[Worker 27] Processing 940/1334
[Worker 27] Processing 950/1334
[Worker 27] Processing 960/1334
[Worker 27] Processing 970/1334
[Worker 27] Processing 980/1334
[Worker 27] Processing 990/1334
[Worker 27] Processing 1000/1334
# writing /mnt/beegfs02/scratch/a_morelli/model_training/handedness/png_resized_padded/train/worker27_shard-000001.tar 1000 0.1 GB 1000
[Worker 27] Processing 1010/1334
[Worker 27] Processing 1020/1334
[Worker 27] Processing 1030/1334
[Worker 27] Processing 1040/1334
[Worker 27] Processing 1050/1334
[Worker 27] Processing 1060/1334
[Worker 27] Processing 1070/1334
[Worker 27] Processing 1080/1334
[Worker 27] Processing 1090/1334
[Worker 27] Processing 1100/1334
[Worker 27] Processing 1110/1334
[Worker 27] Processing 1120/1334
[Worker 27] Processing 1130/1334
[Worker 27] Processing 1140/1334
[Worker 27] Processing 1150/1334
[Worker 27] Processing 1160/1334
[Worker 27] Processing 1170/1334
[Worker 27] Processing 1180/1334
[Worker 27] Processing 1190/1334
[Worker 27] Processing 1200/1334
[Worker 27] Processing 1210/1334
[Worker 27] Processing 1220/1334
[Worker 27] Processing 1230/1334
[Worker 27] Processing 1240/1334
[Worker 27] Processing 1250/1334
[Worker 27] Processing 1260/1334
[Worker 27] Processing 1270/1334
[Worker 27] Processing 1280/1334
[Worker 27] Processing 1290/1334
[Worker 27] Processing 1300/1334
[Worker 27] Processing 1310/1334
[Worker 27] Processing 1320/1334
[Worker 27] Processing 1330/1334
[Worker 27] Complete!
[Worker 30] Starting conversion of 1334 subjects...
# writing /mnt/beegfs02/scratch/a_morelli/model_training/handedness/png_resized_padded/train/worker30_shard-000000.tar 0 0.0 GB 0
[Worker 30] Processing 10/1334
[Worker 30] Processing 20/1334
[Worker 30] Processing 30/1334
[Worker 30] Processing 40/1334
[Worker 30] Processing 50/1334
[Worker 30] Processing 60/1334
[Worker 30] Processing 70/1334
[Worker 30] Processing 80/1334
[Worker 30] Processing 90/1334
[Worker 30] Processing 100/1334
[Worker 30] Processing 110/1334
[Worker 30] Processing 120/1334
[Worker 30] Processing 130/1334
[Worker 30] Processing 140/1334
[Worker 30] Processing 150/1334
[Worker 30] Processing 160/1334
[Worker 30] Processing 170/1334
[Worker 30] Processing 180/1334
[Worker 30] Processing 190/1334
[Worker 30] Processing 200/1334
[Worker 30] Processing 210/1334
[Worker 30] Processing 220/1334
[Worker 30] Processing 230/1334
[Worker 30] Processing 240/1334
[Worker 30] Processing 250/1334
[Worker 30] Processing 260/1334
[Worker 30] Processing 270/1334
[Worker 30] Processing 280/1334
[Worker 30] Processing 290/1334
[Worker 30] Processing 300/1334
[Worker 30] Processing 310/1334
[Worker 30] Processing 320/1334
[Worker 30] Processing 330/1334
[Worker 30] Processing 340/1334
[Worker 30] Processing 350/1334
[Worker 30] Processing 360/1334
[Worker 30] Processing 370/1334
[Worker 30] Processing 380/1334
[Worker 30] Processing 390/1334
[Worker 30] Processing 400/1334
[Worker 30] Processing 410/1334
[Worker 30] Processing 420/1334
[Worker 30] Processing 430/1334
[Worker 30] Processing 440/1334
[Worker 30] Processing 450/1334
[Worker 30] Processing 460/1334
[Worker 30] Processing 470/1334
[Worker 30] Processing 480/1334
[Worker 30] Processing 490/1334
[Worker 30] Processing 500/1334
[Worker 30] Processing 510/1334
[Worker 30] Processing 520/1334
[Worker 30] Processing 530/1334
[Worker 30] Processing 540/1334
[Worker 30] Processing 550/1334
[Worker 30] Processing 560/1334
[Worker 30] Processing 570/1334
[Worker 30] Processing 580/1334
[Worker 30] Processing 590/1334
[Worker 30] Processing 600/1334
[Worker 30] Processing 610/1334
[Worker 30] Processing 620/1334
[Worker 30] Processing 630/1334
[Worker 30] Processing 640/1334
[Worker 30] Processing 650/1334
[Worker 30] Processing 660/1334
[Worker 30] Processing 670/1334
[Worker 30] Processing 680/1334
[Worker 30] Processing 690/1334
[Worker 30] Processing 700/1334
[Worker 30] Processing 710/1334
[Worker 30] Processing 720/1334
[Worker 30] Processing 730/1334
[Worker 30] Processing 740/1334
[Worker 30] Processing 750/1334
[Worker 30] Processing 760/1334
[Worker 30] Processing 770/1334
[Worker 30] Processing 780/1334
[Worker 30] Processing 790/1334
[Worker 30] Processing 800/1334
[Worker 30] Processing 810/1334
[Worker 30] Processing 820/1334
[Worker 30] Processing 830/1334
[Worker 30] Processing 840/1334
[Worker 30] Processing 850/1334
[Worker 30] Processing 860/1334
[Worker 30] Processing 870/1334
[Worker 30] Processing 880/1334
[Worker 30] Processing 890/1334
[Worker 30] Processing 900/1334
[Worker 30] Processing 910/1334
[Worker 30] Processing 920/1334
[Worker 30] Processing 930/1334
[Worker 30] Processing 940/1334
[Worker 30] Processing 950/1334
[Worker 30] Processing 960/1334
[Worker 30] Processing 970/1334
[Worker 30] Processing 980/1334
[Worker 30] Processing 990/1334
[Worker 30] Processing 1000/1334
# writing /mnt/beegfs02/scratch/a_morelli/model_training/handedness/png_resized_padded/train/worker30_shard-000001.tar 1000 0.1 GB 1000
[Worker 30] Processing 1010/1334
[Worker 30] Processing 1020/1334
[Worker 30] Processing 1030/1334
[Worker 30] Processing 1040/1334
[Worker 30] Processing 1050/1334
[Worker 30] Processing 1060/1334
[Worker 30] Processing 1070/1334
[Worker 30] Processing 1080/1334
[Worker 30] Processing 1090/1334
[Worker 30] Processing 1100/1334
[Worker 30] Processing 1110/1334
[Worker 30] Processing 1120/1334
[Worker 30] Processing 1130/1334
[Worker 30] Processing 1140/1334
[Worker 30] Processing 1150/1334
[Worker 30] Processing 1160/1334
[Worker 30] Processing 1170/1334
[Worker 30] Processing 1180/1334
[Worker 30] Processing 1190/1334
[Worker 30] Processing 1200/1334
[Worker 30] Processing 1210/1334
[Worker 30] Processing 1220/1334
[Worker 30] Processing 1230/1334
[Worker 30] Processing 1240/1334
[Worker 30] Processing 1250/1334
[Worker 30] Processing 1260/1334
[Worker 30] Processing 1270/1334
[Worker 30] Processing 1280/1334
[Worker 30] Processing 1290/1334
[Worker 30] Processing 1300/1334
[Worker 30] Processing 1310/1334
[Worker 30] Processing 1320/1334
[Worker 30] Processing 1330/1334
[Worker 30] Complete!
[Worker 18] Starting conversion of 1334 subjects...
# writing /mnt/beegfs02/scratch/a_morelli/model_training/handedness/png_resized_padded/train/worker18_shard-000000.tar 0 0.0 GB 0
[Worker 18] Processing 10/1334
[Worker 18] Processing 20/1334
[Worker 18] Processing 30/1334
[Worker 18] Processing 40/1334
[Worker 18] Processing 50/1334
[Worker 18] Processing 60/1334
[Worker 18] Processing 70/1334
[Worker 18] Processing 80/1334
[Worker 18] Processing 90/1334
[Worker 18] Processing 100/1334
[Worker 18] Processing 110/1334
[Worker 18] Processing 120/1334
[Worker 18] Processing 130/1334
[Worker 18] Processing 140/1334
[Worker 18] Processing 150/1334
[Worker 18] Processing 160/1334
[Worker 18] Processing 170/1334
[Worker 18] Processing 180/1334
[Worker 18] Processing 190/1334
[Worker 18] Processing 200/1334
[Worker 18] Processing 210/1334
[Worker 18] Processing 220/1334
[Worker 18] Processing 230/1334
[Worker 18] Processing 240/1334
[Worker 18] Processing 250/1334
[Worker 18] Processing 260/1334
[Worker 18] Processing 270/1334
[Worker 18] Processing 280/1334
[Worker 18] Processing 290/1334
[Worker 18] Processing 300/1334
[Worker 18] Processing 310/1334
[Worker 18] Processing 320/1334
[Worker 18] Processing 330/1334
[Worker 18] Processing 340/1334
[Worker 18] Processing 350/1334
[Worker 18] Processing 360/1334
[Worker 18] Processing 370/1334
[Worker 18] Processing 380/1334
[Worker 18] Processing 390/1334
[Worker 18] Processing 400/1334
[Worker 18] Processing 410/1334
[Worker 18] Processing 420/1334
[Worker 18] Processing 430/1334
[Worker 18] Processing 440/1334
[Worker 18] Processing 450/1334
[Worker 18] Processing 460/1334
[Worker 18] Processing 470/1334
[Worker 18] Processing 480/1334
[Worker 18] Processing 490/1334
[Worker 18] Processing 500/1334
[Worker 18] Processing 510/1334
[Worker 18] Processing 520/1334
[Worker 18] Processing 530/1334
[Worker 18] Processing 540/1334
[Worker 18] Processing 550/1334
[Worker 18] Processing 560/1334
[Worker 18] Processing 570/1334
[Worker 18] Processing 580/1334
[Worker 18] Processing 590/1334
[Worker 18] Processing 600/1334
[Worker 18] Processing 610/1334
[Worker 18] Processing 620/1334
[Worker 18] Processing 630/1334
[Worker 18] Processing 640/1334
[Worker 18] Processing 650/1334
[Worker 18] Processing 660/1334
[Worker 18] Processing 670/1334
[Worker 18] Processing 680/1334
[Worker 18] Processing 690/1334
[Worker 18] Processing 700/1334
[Worker 18] Processing 710/1334
[Worker 18] Processing 720/1334
[Worker 18] Processing 730/1334
[Worker 18] Processing 740/1334
[Worker 18] Processing 750/1334
[Worker 18] Processing 760/1334
[Worker 18] Processing 770/1334
[Worker 18] Processing 780/1334
[Worker 18] Processing 790/1334
[Worker 18] Processing 800/1334
[Worker 18] Processing 810/1334
[Worker 18] Processing 820/1334
[Worker 18] Processing 830/1334
[Worker 18] Processing 840/1334
[Worker 18] Processing 850/1334
[Worker 18] Processing 860/1334
[Worker 18] Processing 870/1334
[Worker 18] Processing 880/1334
[Worker 18] Processing 890/1334
[Worker 18] Processing 900/1334
[Worker 18] Processing 910/1334
[Worker 18] Processing 920/1334
[Worker 18] Processing 930/1334
[Worker 18] Processing 940/1334
[Worker 18] Processing 950/1334
[Worker 18] Processing 960/1334
[Worker 18] Processing 970/1334
[Worker 18] Processing 980/1334
[Worker 18] Processing 990/1334
[Worker 18] Processing 1000/1334
# writing /mnt/beegfs02/scratch/a_morelli/model_training/handedness/png_resized_padded/train/worker18_shard-000001.tar 1000 0.1 GB 1000
[Worker 18] Processing 1010/1334
[Worker 18] Processing 1020/1334
[Worker 18] Processing 1030/1334
[Worker 18] Processing 1040/1334
[Worker 18] Processing 1050/1334
[Worker 18] Processing 1060/1334
[Worker 18] Processing 1070/1334
[Worker 18] Processing 1080/1334
[Worker 18] Processing 1090/1334
[Worker 18] Processing 1100/1334
[Worker 18] Processing 1110/1334
[Worker 18] Processing 1120/1334
[Worker 18] Processing 1130/1334
[Worker 18] Processing 1140/1334
[Worker 18] Processing 1150/1334
[Worker 18] Processing 1160/1334
[Worker 18] Processing 1170/1334
[Worker 18] Processing 1180/1334
[Worker 18] Processing 1190/1334
[Worker 18] Processing 1200/1334
[Worker 18] Processing 1210/1334
[Worker 18] Processing 1220/1334
[Worker 18] Processing 1230/1334
[Worker 18] Processing 1240/1334
[Worker 18] Processing 1250/1334
[Worker 18] Processing 1260/1334
[Worker 18] Processing 1270/1334
[Worker 18] Processing 1280/1334
[Worker 18] Processing 1290/1334
[Worker 18] Processing 1300/1334
[Worker 18] Processing 1310/1334
[Worker 18] Processing 1320/1334
[Worker 18] Processing 1330/1334
[Worker 18] Complete!
[Worker 22] Starting conversion of 1334 subjects...
# writing /mnt/beegfs02/scratch/a_morelli/model_training/handedness/png_resized_padded/train/worker22_shard-000000.tar 0 0.0 GB 0
[Worker 22] Processing 10/1334
[Worker 22] Processing 20/1334
[Worker 22] Processing 30/1334
[Worker 22] Processing 40/1334
[Worker 22] Processing 50/1334
[Worker 22] Processing 60/1334
[Worker 22] Processing 70/1334
[Worker 22] Processing 80/1334
[Worker 22] Processing 90/1334
[Worker 22] Processing 100/1334
[Worker 22] Processing 110/1334
[Worker 22] Processing 120/1334
[Worker 22] Processing 130/1334
[Worker 22] Processing 140/1334
[Worker 22] Processing 150/1334
[Worker 22] Processing 160/1334
[Worker 22] Processing 170/1334
[Worker 22] Processing 180/1334
[Worker 22] Processing 190/1334
[Worker 22] Processing 200/1334
[Worker 22] Processing 210/1334
[Worker 22] Processing 220/1334
[Worker 22] Processing 230/1334
[Worker 22] Processing 240/1334
[Worker 22] Processing 250/1334
[Worker 22] Processing 260/1334
[Worker 22] Processing 270/1334
[Worker 22] Processing 280/1334
[Worker 22] Processing 290/1334
[Worker 22] Processing 300/1334
[Worker 22] Processing 310/1334
[Worker 22] Processing 320/1334
[Worker 22] Processing 330/1334
[Worker 22] Processing 340/1334
[Worker 22] Processing 350/1334
[Worker 22] Processing 360/1334
[Worker 22] Processing 370/1334
[Worker 22] Processing 380/1334
[Worker 22] Processing 390/1334
[Worker 22] Processing 400/1334
[Worker 22] Processing 410/1334
[Worker 22] Processing 420/1334
[Worker 22] Processing 430/1334
[Worker 22] Processing 440/1334
[Worker 22] Processing 450/1334
[Worker 22] Processing 460/1334
[Worker 22] Processing 470/1334
[Worker 22] Processing 480/1334
[Worker 22] Processing 490/1334
[Worker 22] Processing 500/1334
[Worker 22] Processing 510/1334
[Worker 22] Processing 520/1334
[Worker 22] Processing 530/1334
[Worker 22] Processing 540/1334
[Worker 22] Processing 550/1334
[Worker 22] Processing 560/1334
[Worker 22] Processing 570/1334
[Worker 22] Processing 580/1334
[Worker 22] Processing 590/1334
[Worker 22] Processing 600/1334
[Worker 22] Processing 610/1334
[Worker 22] Processing 620/1334
[Worker 22] Processing 630/1334
[Worker 22] Processing 640/1334
[Worker 22] Processing 650/1334
[Worker 22] Processing 660/1334
[Worker 22] Processing 670/1334
[Worker 22] Processing 680/1334
[Worker 22] Processing 690/1334
[Worker 22] Processing 700/1334
[Worker 22] Processing 710/1334
[Worker 22] Processing 720/1334
[Worker 22] Processing 730/1334
[Worker 22] Processing 740/1334
[Worker 22] Processing 750/1334
[Worker 22] Processing 760/1334
[Worker 22] Processing 770/1334
[Worker 22] Processing 780/1334
[Worker 22] Processing 790/1334
[Worker 22] Processing 800/1334
[Worker 22] Processing 810/1334
[Worker 22] Processing 820/1334
[Worker 22] Processing 830/1334
[Worker 22] Processing 840/1334
[Worker 22] Processing 850/1334
[Worker 22] Processing 860/1334
[Worker 22] Processing 870/1334
[Worker 22] Processing 880/1334
[Worker 22] Processing 890/1334
[Worker 22] Processing 900/1334
[Worker 22] Processing 910/1334
[Worker 22] Processing 920/1334
[Worker 22] Processing 930/1334
[Worker 22] Processing 940/1334
[Worker 22] Processing 950/1334
[Worker 22] Processing 960/1334
[Worker 22] Processing 970/1334
[Worker 22] Processing 980/1334
[Worker 22] Processing 990/1334
[Worker 22] Processing 1000/1334
# writing /mnt/beegfs02/scratch/a_morelli/model_training/handedness/png_resized_padded/train/worker22_shard-000001.tar 1000 0.1 GB 1000
[Worker 22] Processing 1010/1334
[Worker 22] Processing 1020/1334
[Worker 22] Processing 1030/1334
[Worker 22] Processing 1040/1334
[Worker 22] Processing 1050/1334
[Worker 22] Processing 1060/1334
[Worker 22] Processing 1070/1334
[Worker 22] Processing 1080/1334
[Worker 22] Processing 1090/1334
[Worker 22] Processing 1100/1334
[Worker 22] Processing 1110/1334
[Worker 22] Processing 1120/1334
[Worker 22] Processing 1130/1334
[Worker 22] Processing 1140/1334
[Worker 22] Processing 1150/1334
[Worker 22] Processing 1160/1334
[Worker 22] Processing 1170/1334
[Worker 22] Processing 1180/1334
[Worker 22] Processing 1190/1334
[Worker 22] Processing 1200/1334
[Worker 22] Processing 1210/1334
[Worker 22] Processing 1220/1334
[Worker 22] Processing 1230/1334
[Worker 22] Processing 1240/1334
[Worker 22] Processing 1250/1334
[Worker 22] Processing 1260/1334
[Worker 22] Processing 1270/1334
[Worker 22] Processing 1280/1334
[Worker 22] Processing 1290/1334
[Worker 22] Processing 1300/1334
[Worker 22] Processing 1310/1334
[Worker 22] Processing 1320/1334
[Worker 22] Processing 1330/1334
[Worker 22] Complete!
[Worker 17] Starting conversion of 1334 subjects...
# writing /mnt/beegfs02/scratch/a_morelli/model_training/handedness/png_resized_padded/train/worker17_shard-000000.tar 0 0.0 GB 0
[Worker 17] Processing 10/1334
[Worker 17] Processing 20/1334
[Worker 17] Processing 30/1334
[Worker 17] Processing 40/1334
[Worker 17] Processing 50/1334
[Worker 17] Processing 60/1334
[Worker 17] Processing 70/1334
[Worker 17] Processing 80/1334
[Worker 17] Processing 90/1334
[Worker 17] Processing 100/1334
[Worker 17] Processing 110/1334
[Worker 17] Processing 120/1334
[Worker 17] Processing 130/1334
[Worker 17] Processing 140/1334
[Worker 17] Processing 150/1334
[Worker 17] Processing 160/1334
[Worker 17] Processing 170/1334
[Worker 17] Processing 180/1334
[Worker 17] Processing 190/1334
[Worker 17] Processing 200/1334
[Worker 17] Processing 210/1334
[Worker 17] Processing 220/1334
[Worker 17] Processing 230/1334
[Worker 17] Processing 240/1334
[Worker 17] Processing 250/1334
[Worker 17] Processing 260/1334
[Worker 17] Processing 270/1334
[Worker 17] Processing 280/1334
[Worker 17] Processing 290/1334
[Worker 17] Processing 300/1334
[Worker 17] Processing 310/1334
[Worker 17] Processing 320/1334
[Worker 17] Processing 330/1334
[Worker 17] Processing 340/1334
[Worker 17] Processing 350/1334
[Worker 17] Processing 360/1334
[Worker 17] Processing 370/1334
[Worker 17] Processing 380/1334
[Worker 17] Processing 390/1334
[Worker 17] Processing 400/1334
[Worker 17] Processing 410/1334
[Worker 17] Processing 420/1334
[Worker 17] Processing 430/1334
[Worker 17] Processing 440/1334
[Worker 17] Processing 450/1334
[Worker 17] Processing 460/1334
[Worker 17] Processing 470/1334
[Worker 17] Processing 480/1334
[Worker 17] Processing 490/1334
[Worker 17] Processing 500/1334
[Worker 17] Processing 510/1334
[Worker 17] Processing 520/1334
[Worker 17] Processing 530/1334
[Worker 17] Processing 540/1334
[Worker 17] Processing 550/1334
[Worker 17] Processing 560/1334
[Worker 17] Processing 570/1334
[Worker 17] Processing 580/1334
[Worker 17] Processing 590/1334
[Worker 17] Processing 600/1334
[Worker 17] Processing 610/1334
[Worker 17] Processing 620/1334
[Worker 17] Processing 630/1334
[Worker 17] Processing 640/1334
[Worker 17] Processing 650/1334
[Worker 17] Processing 660/1334
[Worker 17] Processing 670/1334
[Worker 17] Processing 680/1334
[Worker 17] Processing 690/1334
[Worker 17] Processing 700/1334
[Worker 17] Processing 710/1334
[Worker 17] Processing 720/1334
[Worker 17] Processing 730/1334
[Worker 17] Processing 740/1334
[Worker 17] Processing 750/1334
[Worker 17] Processing 760/1334
[Worker 17] Processing 770/1334
[Worker 17] Processing 780/1334
[Worker 17] Processing 790/1334
[Worker 17] Processing 800/1334
[Worker 17] Processing 810/1334
[Worker 17] Processing 820/1334
[Worker 17] Processing 830/1334
[Worker 17] Processing 840/1334
[Worker 17] Processing 850/1334
[Worker 17] Processing 860/1334
[Worker 17] Processing 870/1334
[Worker 17] Processing 880/1334
[Worker 17] Processing 890/1334
[Worker 17] Processing 900/1334
[Worker 17] Processing 910/1334
[Worker 17] Processing 920/1334
[Worker 17] Processing 930/1334
[Worker 17] Processing 940/1334
[Worker 17] Processing 950/1334
[Worker 17] Processing 960/1334
[Worker 17] Processing 970/1334
[Worker 17] Processing 980/1334
[Worker 17] Processing 990/1334
[Worker 17] Processing 1000/1334
# writing /mnt/beegfs02/scratch/a_morelli/model_training/handedness/png_resized_padded/train/worker17_shard-000001.tar 1000 0.1 GB 1000
[Worker 17] Processing 1010/1334
[Worker 17] Processing 1020/1334
[Worker 17] Processing 1030/1334
[Worker 17] Processing 1040/1334
[Worker 17] Processing 1050/1334
[Worker 17] Processing 1060/1334
[Worker 17] Processing 1070/1334
[Worker 17] Processing 1080/1334
[Worker 17] Processing 1090/1334
[Worker 17] Processing 1100/1334
[Worker 17] Processing 1110/1334
[Worker 17] Processing 1120/1334
[Worker 17] Processing 1130/1334
[Worker 17] Processing 1140/1334
[Worker 17] Processing 1150/1334
[Worker 17] Processing 1160/1334
[Worker 17] Processing 1170/1334
[Worker 17] Processing 1180/1334
[Worker 17] Processing 1190/1334
[Worker 17] Processing 1200/1334
[Worker 17] Processing 1210/1334
[Worker 17] Processing 1220/1334
[Worker 17] Processing 1230/1334
[Worker 17] Processing 1240/1334
[Worker 17] Processing 1250/1334
[Worker 17] Processing 1260/1334
[Worker 17] Processing 1270/1334
[Worker 17] Processing 1280/1334
[Worker 17] Processing 1290/1334
[Worker 17] Processing 1300/1334
[Worker 17] Processing 1310/1334
[Worker 17] Processing 1320/1334
[Worker 17] Processing 1330/1334
[Worker 17] Complete!
[Worker 10] Starting conversion of 1334 subjects...
# writing /mnt/beegfs02/scratch/a_morelli/model_training/handedness/png_resized_padded/train/worker10_shard-000000.tar 0 0.0 GB 0
[Worker 10] Processing 10/1334
[Worker 10] Processing 20/1334
[Worker 10] Processing 30/1334
[Worker 10] Processing 40/1334
[Worker 10] Processing 50/1334
[Worker 10] Processing 60/1334
[Worker 10] Processing 70/1334
[Worker 10] Processing 80/1334
[Worker 10] Processing 90/1334
[Worker 10] Processing 100/1334
[Worker 10] Processing 110/1334
[Worker 10] Processing 120/1334
[Worker 10] Processing 130/1334
[Worker 10] Processing 140/1334
[Worker 10] Processing 150/1334
[Worker 10] Processing 160/1334
[Worker 10] Processing 170/1334
[Worker 10] Processing 180/1334
[Worker 10] Processing 190/1334
[Worker 10] Processing 200/1334
[Worker 10] Processing 210/1334
[Worker 10] Processing 220/1334
[Worker 10] Processing 230/1334
[Worker 10] Processing 240/1334
[Worker 10] Processing 250/1334
[Worker 10] Processing 260/1334
[Worker 10] Processing 270/1334
[Worker 10] Processing 280/1334
[Worker 10] Processing 290/1334
[Worker 10] Processing 300/1334
[Worker 10] Processing 310/1334
[Worker 10] Processing 320/1334
[Worker 10] Processing 330/1334
[Worker 10] Processing 340/1334
[Worker 10] Processing 350/1334
[Worker 10] Processing 360/1334
[Worker 10] Processing 370/1334
[Worker 10] Processing 380/1334
[Worker 10] Processing 390/1334
[Worker 10] Processing 400/1334
[Worker 10] Processing 410/1334
[Worker 10] Processing 420/1334
[Worker 10] Processing 430/1334
[Worker 10] Processing 440/1334
[Worker 10] Processing 450/1334
[Worker 10] Processing 460/1334
[Worker 10] Processing 470/1334
[Worker 10] Processing 480/1334
[Worker 10] Processing 490/1334
[Worker 10] Processing 500/1334
[Worker 10] Processing 510/1334
[Worker 10] Processing 520/1334
[Worker 10] Processing 530/1334
[Worker 10] Processing 540/1334
[Worker 10] Processing 550/1334
[Worker 10] Processing 560/1334
[Worker 10] Processing 570/1334
[Worker 10] Processing 580/1334
[Worker 10] Processing 590/1334
[Worker 10] Processing 600/1334
[Worker 10] Processing 610/1334
[Worker 10] Processing 620/1334
[Worker 10] Processing 630/1334
[Worker 10] Processing 640/1334
[Worker 10] Processing 650/1334
[Worker 10] Processing 660/1334
[Worker 10] Processing 670/1334
[Worker 10] Processing 680/1334
[Worker 10] Processing 690/1334
[Worker 10] Processing 700/1334
[Worker 10] Processing 710/1334
[Worker 10] Processing 720/1334
[Worker 10] Processing 730/1334
[Worker 10] Processing 740/1334
[Worker 10] Processing 750/1334
[Worker 10] Processing 760/1334
[Worker 10] Processing 770/1334
[Worker 10] Processing 780/1334
[Worker 10] Processing 790/1334
[Worker 10] Processing 800/1334
[Worker 10] Processing 810/1334
[Worker 10] Processing 820/1334
[Worker 10] Processing 830/1334
[Worker 10] Processing 840/1334
[Worker 10] Processing 850/1334
[Worker 10] Processing 860/1334
[Worker 10] Processing 870/1334
[Worker 10] Processing 880/1334
[Worker 10] Processing 890/1334
[Worker 10] Processing 900/1334
[Worker 10] Processing 910/1334
[Worker 10] Processing 920/1334
[Worker 10] Processing 930/1334
[Worker 10] Processing 940/1334
[Worker 10] Processing 950/1334
[Worker 10] Processing 960/1334
[Worker 10] Processing 970/1334
[Worker 10] Processing 980/1334
[Worker 10] Processing 990/1334
[Worker 10] Processing 1000/1334
# writing /mnt/beegfs02/scratch/a_morelli/model_training/handedness/png_resized_padded/train/worker10_shard-000001.tar 1000 0.1 GB 1000
[Worker 10] Processing 1010/1334
[Worker 10] Processing 1020/1334
[Worker 10] Processing 1030/1334
[Worker 10] Processing 1040/1334
[Worker 10] Processing 1050/1334
[Worker 10] Processing 1060/1334
[Worker 10] Processing 1070/1334
[Worker 10] Processing 1080/1334
[Worker 10] Processing 1090/1334
[Worker 10] Processing 1100/1334
[Worker 10] Processing 1110/1334
[Worker 10] Processing 1120/1334
[Worker 10] Processing 1130/1334
[Worker 10] Processing 1140/1334
[Worker 10] Processing 1150/1334
[Worker 10] Processing 1160/1334
[Worker 10] Processing 1170/1334
[Worker 10] Processing 1180/1334
[Worker 10] Processing 1190/1334
[Worker 10] Processing 1200/1334
[Worker 10] Processing 1210/1334
[Worker 10] Processing 1220/1334
[Worker 10] Processing 1230/1334
[Worker 10] Processing 1240/1334
[Worker 10] Processing 1250/1334
[Worker 10] Processing 1260/1334
[Worker 10] Processing 1270/1334
[Worker 10] Processing 1280/1334
[Worker 10] Processing 1290/1334
[Worker 10] Processing 1300/1334
[Worker 10] Processing 1310/1334
[Worker 10] Processing 1320/1334
[Worker 10] Processing 1330/1334
[Worker 10] Complete!
[Worker 7] Starting conversion of 1334 subjects...
# writing /mnt/beegfs02/scratch/a_morelli/model_training/handedness/png_resized_padded/train/worker7_shard-000000.tar 0 0.0 GB 0
[Worker 7] Processing 10/1334
[Worker 7] Processing 20/1334
[Worker 7] Processing 30/1334
[Worker 7] Processing 40/1334
[Worker 7] Processing 50/1334
[Worker 7] Processing 60/1334
[Worker 7] Processing 70/1334
[Worker 7] Processing 80/1334
[Worker 7] Processing 90/1334
[Worker 7] Processing 100/1334
[Worker 7] Processing 110/1334
[Worker 7] Processing 120/1334
[Worker 7] Processing 130/1334
[Worker 7] Processing 140/1334
[Worker 7] Processing 150/1334
[Worker 7] Processing 160/1334
[Worker 7] Processing 170/1334
[Worker 7] Processing 180/1334
[Worker 7] Processing 190/1334
[Worker 7] Processing 200/1334
[Worker 7] Processing 210/1334
[Worker 7] Processing 220/1334
[Worker 7] Processing 230/1334
[Worker 7] Processing 240/1334
[Worker 7] Processing 250/1334
[Worker 7] Processing 260/1334
[Worker 7] Processing 270/1334
[Worker 7] Processing 280/1334
[Worker 7] Processing 290/1334
[Worker 7] Processing 300/1334
[Worker 7] Processing 310/1334
[Worker 7] Processing 320/1334
[Worker 7] Processing 330/1334
[Worker 7] Processing 340/1334
[Worker 7] Processing 350/1334
[Worker 7] Processing 360/1334
[Worker 7] Processing 370/1334
[Worker 7] Processing 380/1334
[Worker 7] Processing 390/1334
[Worker 7] Processing 400/1334
[Worker 7] Processing 410/1334
[Worker 7] Processing 420/1334
[Worker 7] Processing 430/1334
[Worker 7] Processing 440/1334
[Worker 7] Processing 450/1334
[Worker 7] Processing 460/1334
[Worker 7] Processing 470/1334
[Worker 7] Processing 480/1334
[Worker 7] Processing 490/1334
[Worker 7] Processing 500/1334
[Worker 7] Processing 510/1334
[Worker 7] Processing 520/1334
[Worker 7] Processing 530/1334
[Worker 7] Processing 540/1334
[Worker 7] Processing 550/1334
[Worker 7] Processing 560/1334
[Worker 7] Processing 570/1334
[Worker 7] Processing 580/1334
[Worker 7] Processing 590/1334
[Worker 7] Processing 600/1334
[Worker 7] Processing 610/1334
[Worker 7] Processing 620/1334
[Worker 7] Processing 630/1334
[Worker 7] Processing 640/1334
[Worker 7] Processing 650/1334
[Worker 7] Processing 660/1334
[Worker 7] Processing 670/1334
[Worker 7] Processing 680/1334
[Worker 7] Processing 690/1334
[Worker 7] Processing 700/1334
[Worker 7] Processing 710/1334
[Worker 7] Processing 720/1334
[Worker 7] Processing 730/1334
[Worker 7] Processing 740/1334
[Worker 7] Processing 750/1334
[Worker 7] Processing 760/1334
[Worker 7] Processing 770/1334
[Worker 7] Processing 780/1334
[Worker 7] Processing 790/1334
[Worker 7] Processing 800/1334
[Worker 7] Processing 810/1334
[Worker 7] Processing 820/1334
[Worker 7] Processing 830/1334
[Worker 7] Processing 840/1334
[Worker 7] Processing 850/1334
[Worker 7] Processing 860/1334
[Worker 7] Processing 870/1334
[Worker 7] Processing 880/1334
[Worker 7] Processing 890/1334
[Worker 7] Processing 900/1334
[Worker 7] Processing 910/1334
[Worker 7] Processing 920/1334
[Worker 7] Processing 930/1334
[Worker 7] Processing 940/1334
[Worker 7] Processing 950/1334
[Worker 7] Processing 960/1334
[Worker 7] Processing 970/1334
[Worker 7] Processing 980/1334
[Worker 7] Processing 990/1334
[Worker 7] Processing 1000/1334
# writing /mnt/beegfs02/scratch/a_morelli/model_training/handedness/png_resized_padded/train/worker7_shard-000001.tar 1000 0.1 GB 1000
[Worker 7] Processing 1010/1334
[Worker 7] Processing 1020/1334
[Worker 7] Processing 1030/1334
[Worker 7] Processing 1040/1334
[Worker 7] Processing 1050/1334
[Worker 7] Processing 1060/1334
[Worker 7] Processing 1070/1334
[Worker 7] Processing 1080/1334
[Worker 7] Processing 1090/1334
[Worker 7] Processing 1100/1334
[Worker 7] Processing 1110/1334
[Worker 7] Processing 1120/1334
[Worker 7] Processing 1130/1334
[Worker 7] Processing 1140/1334
[Worker 7] Processing 1150/1334
[Worker 7] Processing 1160/1334
[Worker 7] Processing 1170/1334
[Worker 7] Processing 1180/1334
[Worker 7] Processing 1190/1334
[Worker 7] Processing 1200/1334
[Worker 7] Processing 1210/1334
[Worker 7] Processing 1220/1334
[Worker 7] Processing 1230/1334
[Worker 7] Processing 1240/1334
[Worker 7] Processing 1250/1334
[Worker 7] Processing 1260/1334
[Worker 7] Processing 1270/1334
[Worker 7] Processing 1280/1334
[Worker 7] Processing 1290/1334
[Worker 7] Processing 1300/1334
[Worker 7] Processing 1310/1334
[Worker 7] Processing 1320/1334
[Worker 7] Processing 1330/1334
[Worker 7] Complete!
[Worker 5] Starting conversion of 1334 subjects...
# writing /mnt/beegfs02/scratch/a_morelli/model_training/handedness/png_resized_padded/train/worker5_shard-000000.tar 0 0.0 GB 0
[Worker 5] Processing 10/1334
[Worker 5] Processing 20/1334
[Worker 5] Processing 30/1334
[Worker 5] Processing 40/1334
[Worker 5] Processing 50/1334
[Worker 5] Processing 60/1334
[Worker 5] Processing 70/1334
[Worker 5] Processing 80/1334
[Worker 5] Processing 90/1334
[Worker 5] Processing 100/1334
[Worker 5] Processing 110/1334
[Worker 5] Processing 120/1334
[Worker 5] Processing 130/1334
[Worker 5] Processing 140/1334
[Worker 5] Processing 150/1334
[Worker 5] Processing 160/1334
[Worker 5] Processing 170/1334
[Worker 5] Processing 180/1334
[Worker 5] Processing 190/1334
[Worker 5] Processing 200/1334
[Worker 5] Processing 210/1334
[Worker 5] Processing 220/1334
[Worker 5] Processing 230/1334
[Worker 5] Processing 240/1334
[Worker 5] Processing 250/1334
[Worker 5] Processing 260/1334
[Worker 5] Processing 270/1334
[Worker 5] Processing 280/1334
[Worker 5] Processing 290/1334
[Worker 5] Processing 300/1334
[Worker 5] Processing 310/1334
[Worker 5] Processing 320/1334
[Worker 5] Processing 330/1334
[Worker 5] Processing 340/1334
[Worker 5] Processing 350/1334
[Worker 5] Processing 360/1334
[Worker 5] Processing 370/1334
[Worker 5] Processing 380/1334
[Worker 5] Processing 390/1334
[Worker 5] Processing 400/1334
[Worker 5] Processing 410/1334
[Worker 5] Processing 420/1334
[Worker 5] Processing 430/1334
[Worker 5] Processing 440/1334
[Worker 5] Processing 450/1334
[Worker 5] Processing 460/1334
[Worker 5] Processing 470/1334
[Worker 5] Processing 480/1334
[Worker 5] Processing 490/1334
[Worker 5] Processing 500/1334
[Worker 5] Processing 510/1334
[Worker 5] Processing 520/1334
[Worker 5] Processing 530/1334
[Worker 5] Processing 540/1334
[Worker 5] Processing 550/1334
[Worker 5] Processing 560/1334
[Worker 5] Processing 570/1334
[Worker 5] Processing 580/1334
[Worker 5] Processing 590/1334
[Worker 5] Processing 600/1334
[Worker 5] Processing 610/1334
[Worker 5] Processing 620/1334
[Worker 5] Processing 630/1334
[Worker 5] Processing 640/1334
[Worker 5] Processing 650/1334
[Worker 5] Processing 660/1334
[Worker 5] Processing 670/1334
[Worker 5] Processing 680/1334
[Worker 5] Processing 690/1334
[Worker 5] Processing 700/1334
[Worker 5] Processing 710/1334
[Worker 5] Processing 720/1334
[Worker 5] Processing 730/1334
[Worker 5] Processing 740/1334
[Worker 5] Processing 750/1334
[Worker 5] Processing 760/1334
[Worker 5] Processing 770/1334
[Worker 5] Processing 780/1334
[Worker 5] Processing 790/1334
[Worker 5] Processing 800/1334
[Worker 5] Processing 810/1334
[Worker 5] Processing 820/1334
[Worker 5] Processing 830/1334
[Worker 5] Processing 840/1334
[Worker 5] Processing 850/1334
[Worker 5] Processing 860/1334
[Worker 5] Processing 870/1334
[Worker 5] Processing 880/1334
[Worker 5] Processing 890/1334
[Worker 5] Processing 900/1334
[Worker 5] Processing 910/1334
[Worker 5] Processing 920/1334
[Worker 5] Processing 930/1334
[Worker 5] Processing 940/1334
[Worker 5] Processing 950/1334
[Worker 5] Processing 960/1334
[Worker 5] Processing 970/1334
[Worker 5] Processing 980/1334
[Worker 5] Processing 990/1334
[Worker 5] Processing 1000/1334
# writing /mnt/beegfs02/scratch/a_morelli/model_training/handedness/png_resized_padded/train/worker5_shard-000001.tar 1000 0.1 GB 1000
[Worker 5] Processing 1010/1334
[Worker 5] Processing 1020/1334
[Worker 5] Processing 1030/1334
[Worker 5] Processing 1040/1334
[Worker 5] Processing 1050/1334
[Worker 5] Processing 1060/1334
[Worker 5] Processing 1070/1334
[Worker 5] Processing 1080/1334
[Worker 5] Processing 1090/1334
[Worker 5] Processing 1100/1334
[Worker 5] Processing 1110/1334
[Worker 5] Processing 1120/1334
[Worker 5] Processing 1130/1334
[Worker 5] Processing 1140/1334
[Worker 5] Processing 1150/1334
[Worker 5] Processing 1160/1334
[Worker 5] Processing 1170/1334
[Worker 5] Processing 1180/1334
[Worker 5] Processing 1190/1334
[Worker 5] Processing 1200/1334
[Worker 5] Processing 1210/1334
[Worker 5] Processing 1220/1334
[Worker 5] Processing 1230/1334
[Worker 5] Processing 1240/1334
[Worker 5] Processing 1250/1334
[Worker 5] Processing 1260/1334
[Worker 5] Processing 1270/1334
[Worker 5] Processing 1280/1334
[Worker 5] Processing 1290/1334
[Worker 5] Processing 1300/1334
[Worker 5] Processing 1310/1334
[Worker 5] Processing 1320/1334
[Worker 5] Processing 1330/1334
[Worker 5] Complete!
[Worker 20] Starting conversion of 1334 subjects...
# writing /mnt/beegfs02/scratch/a_morelli/model_training/handedness/png_resized_padded/train/worker20_shard-000000.tar 0 0.0 GB 0
[Worker 20] Processing 10/1334
[Worker 20] Processing 20/1334
[Worker 20] Processing 30/1334
[Worker 20] Processing 40/1334
[Worker 20] Processing 50/1334
[Worker 20] Processing 60/1334
[Worker 20] Processing 70/1334
[Worker 20] Processing 80/1334
[Worker 20] Processing 90/1334
[Worker 20] Processing 100/1334
[Worker 20] Processing 110/1334
[Worker 20] Processing 120/1334
[Worker 20] Processing 130/1334
[Worker 20] Processing 140/1334
[Worker 20] Processing 150/1334
[Worker 20] Processing 160/1334
[Worker 20] Processing 170/1334
[Worker 20] Processing 180/1334
[Worker 20] Processing 190/1334
[Worker 20] Processing 200/1334
[Worker 20] Processing 210/1334
[Worker 20] Processing 220/1334
[Worker 20] Processing 230/1334
[Worker 20] Processing 240/1334
[Worker 20] Processing 250/1334
[Worker 20] Processing 260/1334
[Worker 20] Processing 270/1334
[Worker 20] Processing 280/1334
[Worker 20] Processing 290/1334
[Worker 20] Processing 300/1334
[Worker 20] Processing 310/1334
[Worker 20] Processing 320/1334
[Worker 20] Processing 330/1334
[Worker 20] Processing 340/1334
[Worker 20] Processing 350/1334
[Worker 20] Processing 360/1334
[Worker 20] Processing 370/1334
[Worker 20] Processing 380/1334
[Worker 20] Processing 390/1334
[Worker 20] Processing 400/1334
[Worker 20] Processing 410/1334
[Worker 20] Processing 420/1334
[Worker 20] Processing 430/1334
[Worker 20] Processing 440/1334
[Worker 20] Processing 450/1334
[Worker 20] Processing 460/1334
[Worker 20] Processing 470/1334
[Worker 20] Processing 480/1334
[Worker 20] Processing 490/1334
[Worker 20] Processing 500/1334
[Worker 20] Processing 510/1334
[Worker 20] Processing 520/1334
[Worker 20] Processing 530/1334
[Worker 20] Processing 540/1334
[Worker 20] Processing 550/1334
[Worker 20] Processing 560/1334
[Worker 20] Processing 570/1334
[Worker 20] Processing 580/1334
[Worker 20] Processing 590/1334
[Worker 20] Processing 600/1334
[Worker 20] Processing 610/1334
[Worker 20] Processing 620/1334
[Worker 20] Processing 630/1334
[Worker 20] Processing 640/1334
[Worker 20] Processing 650/1334
[Worker 20] Processing 660/1334
[Worker 20] Processing 670/1334
[Worker 20] Processing 680/1334
[Worker 20] Processing 690/1334
[Worker 20] Processing 700/1334
[Worker 20] Processing 710/1334
[Worker 20] Processing 720/1334
[Worker 20] Processing 730/1334
[Worker 20] Processing 740/1334
[Worker 20] Processing 750/1334
[Worker 20] Processing 760/1334
[Worker 20] Processing 770/1334
[Worker 20] Processing 780/1334
[Worker 20] Processing 790/1334
[Worker 20] Processing 800/1334
[Worker 20] Processing 810/1334
[Worker 20] Processing 820/1334
[Worker 20] Processing 830/1334
[Worker 20] Processing 840/1334
[Worker 20] Processing 850/1334
[Worker 20] Processing 860/1334
[Worker 20] Processing 870/1334
[Worker 20] Processing 880/1334
[Worker 20] Processing 890/1334
[Worker 20] Processing 900/1334
[Worker 20] Processing 910/1334
[Worker 20] Processing 920/1334
[Worker 20] Processing 930/1334
[Worker 20] Processing 940/1334
[Worker 20] Processing 950/1334
[Worker 20] Processing 960/1334
[Worker 20] Processing 970/1334
[Worker 20] Processing 980/1334
[Worker 20] Processing 990/1334
[Worker 20] Processing 1000/1334
# writing /mnt/beegfs02/scratch/a_morelli/model_training/handedness/png_resized_padded/train/worker20_shard-000001.tar 1000 0.1 GB 1000
[Worker 20] Processing 1010/1334
[Worker 20] Processing 1020/1334
[Worker 20] Processing 1030/1334
[Worker 20] Processing 1040/1334
[Worker 20] Processing 1050/1334
[Worker 20] Processing 1060/1334
[Worker 20] Processing 1070/1334
[Worker 20] Processing 1080/1334
[Worker 20] Processing 1090/1334
[Worker 20] Processing 1100/1334
[Worker 20] Processing 1110/1334
[Worker 20] Processing 1120/1334
[Worker 20] Processing 1130/1334
[Worker 20] Processing 1140/1334
[Worker 20] Processing 1150/1334
[Worker 20] Processing 1160/1334
[Worker 20] Processing 1170/1334
[Worker 20] Processing 1180/1334
[Worker 20] Processing 1190/1334
[Worker 20] Processing 1200/1334
[Worker 20] Processing 1210/1334
[Worker 20] Processing 1220/1334
[Worker 20] Processing 1230/1334
[Worker 20] Processing 1240/1334
[Worker 20] Processing 1250/1334
[Worker 20] Processing 1260/1334
[Worker 20] Processing 1270/1334
[Worker 20] Processing 1280/1334
[Worker 20] Processing 1290/1334
[Worker 20] Processing 1300/1334
[Worker 20] Processing 1310/1334
[Worker 20] Processing 1320/1334
[Worker 20] Processing 1330/1334
[Worker 20] Complete!
[Worker 4] Starting conversion of 1334 subjects...
# writing /mnt/beegfs02/scratch/a_morelli/model_training/handedness/png_resized_padded/train/worker4_shard-000000.tar 0 0.0 GB 0
[Worker 4] Processing 10/1334
[Worker 4] Processing 20/1334
[Worker 4] Processing 30/1334
[Worker 4] Processing 40/1334
[Worker 4] Processing 50/1334
[Worker 4] Processing 60/1334
[Worker 4] Processing 70/1334
[Worker 4] Processing 80/1334
[Worker 4] Processing 90/1334
[Worker 4] Processing 100/1334
[Worker 4] Processing 110/1334
[Worker 4] Processing 120/1334
[Worker 4] Processing 130/1334
[Worker 4] Processing 140/1334
[Worker 4] Processing 150/1334
[Worker 4] Processing 160/1334
[Worker 4] Processing 170/1334
[Worker 4] Processing 180/1334
[Worker 4] Processing 190/1334
[Worker 4] Processing 200/1334
[Worker 4] Processing 210/1334
[Worker 4] Processing 220/1334
[Worker 4] Processing 230/1334
[Worker 4] Processing 240/1334
[Worker 4] Processing 250/1334
[Worker 4] Processing 260/1334
[Worker 4] Processing 270/1334
[Worker 4] Processing 280/1334
[Worker 4] Processing 290/1334
[Worker 4] Processing 300/1334
[Worker 4] Processing 310/1334
[Worker 4] Processing 320/1334
[Worker 4] Processing 330/1334
[Worker 4] Processing 340/1334
[Worker 4] Processing 350/1334
[Worker 4] Processing 360/1334
[Worker 4] Processing 370/1334
[Worker 4] Processing 380/1334
[Worker 4] Processing 390/1334
[Worker 4] Processing 400/1334
[Worker 4] Processing 410/1334
[Worker 4] Processing 420/1334
[Worker 4] Processing 430/1334
[Worker 4] Processing 440/1334
[Worker 4] Processing 450/1334
[Worker 4] Processing 460/1334
[Worker 4] Processing 470/1334
[Worker 4] Processing 480/1334
[Worker 4] Processing 490/1334
[Worker 4] Processing 500/1334
[Worker 4] Processing 510/1334
[Worker 4] Processing 520/1334
[Worker 4] Processing 530/1334
[Worker 4] Processing 540/1334
[Worker 4] Processing 550/1334
[Worker 4] Processing 560/1334
[Worker 4] Processing 570/1334
[Worker 4] Processing 580/1334
[Worker 4] Processing 590/1334
[Worker 4] Processing 600/1334
[Worker 4] Processing 610/1334
[Worker 4] Processing 620/1334
[Worker 4] Processing 630/1334
[Worker 4] Processing 640/1334
[Worker 4] Processing 650/1334
[Worker 4] Processing 660/1334
[Worker 4] Processing 670/1334
[Worker 4] Processing 680/1334
[Worker 4] Processing 690/1334
[Worker 4] Processing 700/1334
[Worker 4] Processing 710/1334
[Worker 4] Processing 720/1334
[Worker 4] Processing 730/1334
[Worker 4] Processing 740/1334
[Worker 4] Processing 750/1334
[Worker 4] Processing 760/1334
[Worker 4] Processing 770/1334
[Worker 4] Processing 780/1334
[Worker 4] Processing 790/1334
[Worker 4] Processing 800/1334
[Worker 4] Processing 810/1334
[Worker 4] Processing 820/1334
[Worker 4] Processing 830/1334
[Worker 4] Processing 840/1334
[Worker 4] Processing 850/1334
[Worker 4] Processing 860/1334
[Worker 4] Processing 870/1334
[Worker 4] Processing 880/1334
[Worker 4] Processing 890/1334
[Worker 4] Processing 900/1334
[Worker 4] Processing 910/1334
[Worker 4] Processing 920/1334
[Worker 4] Processing 930/1334
[Worker 4] Processing 940/1334
[Worker 4] Processing 950/1334
[Worker 4] Processing 960/1334
[Worker 4] Processing 970/1334
[Worker 4] Processing 980/1334
[Worker 4] Processing 990/1334
[Worker 4] Processing 1000/1334
# writing /mnt/beegfs02/scratch/a_morelli/model_training/handedness/png_resized_padded/train/worker4_shard-000001.tar 1000 0.1 GB 1000
[Worker 4] Processing 1010/1334
[Worker 4] Processing 1020/1334
[Worker 4] Processing 1030/1334
[Worker 4] Processing 1040/1334
[Worker 4] Processing 1050/1334
[Worker 4] Processing 1060/1334
[Worker 4] Processing 1070/1334
[Worker 4] Processing 1080/1334
[Worker 4] Processing 1090/1334
[Worker 4] Processing 1100/1334
[Worker 4] Processing 1110/1334
[Worker 4] Processing 1120/1334
[Worker 4] Processing 1130/1334
[Worker 4] Processing 1140/1334
[Worker 4] Processing 1150/1334
[Worker 4] Processing 1160/1334
[Worker 4] Processing 1170/1334
[Worker 4] Processing 1180/1334
[Worker 4] Processing 1190/1334
[Worker 4] Processing 1200/1334
[Worker 4] Processing 1210/1334
[Worker 4] Processing 1220/1334
[Worker 4] Processing 1230/1334
[Worker 4] Processing 1240/1334
[Worker 4] Processing 1250/1334
[Worker 4] Processing 1260/1334
[Worker 4] Processing 1270/1334
[Worker 4] Processing 1280/1334
[Worker 4] Processing 1290/1334
[Worker 4] Processing 1300/1334
[Worker 4] Processing 1310/1334
[Worker 4] Processing 1320/1334
[Worker 4] Processing 1330/1334
[Worker 4] Complete!
[Worker 28] Starting conversion of 1334 subjects...
# writing /mnt/beegfs02/scratch/a_morelli/model_training/handedness/png_resized_padded/train/worker28_shard-000000.tar 0 0.0 GB 0
[Worker 28] Processing 10/1334
[Worker 28] Processing 20/1334
[Worker 28] Processing 30/1334
[Worker 28] Processing 40/1334
[Worker 28] Processing 50/1334
[Worker 28] Processing 60/1334
[Worker 28] Processing 70/1334
[Worker 28] Processing 80/1334
[Worker 28] Processing 90/1334
[Worker 28] Processing 100/1334
[Worker 28] Processing 110/1334
[Worker 28] Processing 120/1334
[Worker 28] Processing 130/1334
[Worker 28] Processing 140/1334
[Worker 28] Processing 150/1334
[Worker 28] Processing 160/1334
[Worker 28] Processing 170/1334
[Worker 28] Processing 180/1334
[Worker 28] Processing 190/1334
[Worker 28] Processing 200/1334
[Worker 28] Processing 210/1334
[Worker 28] Processing 220/1334
[Worker 28] Processing 230/1334
[Worker 28] Processing 240/1334
[Worker 28] Processing 250/1334
[Worker 28] Processing 260/1334
[Worker 28] Processing 270/1334
[Worker 28] Processing 280/1334
[Worker 28] Processing 290/1334
[Worker 28] Processing 300/1334
[Worker 28] Processing 310/1334
[Worker 28] Processing 320/1334
[Worker 28] Processing 330/1334
[Worker 28] Processing 340/1334
[Worker 28] Processing 350/1334
[Worker 28] Processing 360/1334
[Worker 28] Processing 370/1334
[Worker 28] Processing 380/1334
[Worker 28] Processing 390/1334
[Worker 28] Processing 400/1334
[Worker 28] Processing 410/1334
[Worker 28] Processing 420/1334
[Worker 28] Processing 430/1334
[Worker 28] Processing 440/1334
[Worker 28] Processing 450/1334
[Worker 28] Processing 460/1334
[Worker 28] Processing 470/1334
[Worker 28] Processing 480/1334
[Worker 28] Processing 490/1334
[Worker 28] Processing 500/1334
[Worker 28] Processing 510/1334
[Worker 28] Processing 520/1334
[Worker 28] Processing 530/1334
[Worker 28] Processing 540/1334
[Worker 28] Processing 550/1334
[Worker 28] Processing 560/1334
[Worker 28] Processing 570/1334
[Worker 28] Processing 580/1334
[Worker 28] Processing 590/1334
[Worker 28] Processing 600/1334
[Worker 28] Processing 610/1334
[Worker 28] Processing 620/1334
[Worker 28] Processing 630/1334
[Worker 28] Processing 640/1334
[Worker 28] Processing 650/1334
[Worker 28] Processing 660/1334
[Worker 28] Processing 670/1334
[Worker 28] Processing 680/1334
[Worker 28] Processing 690/1334
[Worker 28] Processing 700/1334
[Worker 28] Processing 710/1334
[Worker 28] Processing 720/1334
[Worker 28] Processing 730/1334
[Worker 28] Processing 740/1334
[Worker 28] Processing 750/1334
[Worker 28] Processing 760/1334
[Worker 28] Processing 770/1334
[Worker 28] Processing 780/1334
[Worker 28] Processing 790/1334
[Worker 28] Processing 800/1334
[Worker 28] Processing 810/1334
[Worker 28] Processing 820/1334
[Worker 28] Processing 830/1334
[Worker 28] Processing 840/1334
[Worker 28] Processing 850/1334
[Worker 28] Processing 860/1334
[Worker 28] Processing 870/1334
[Worker 28] Processing 880/1334
[Worker 28] Processing 890/1334
[Worker 28] Processing 900/1334
[Worker 28] Processing 910/1334
[Worker 28] Processing 920/1334
[Worker 28] Processing 930/1334
[Worker 28] Processing 940/1334
[Worker 28] Processing 950/1334
[Worker 28] Processing 960/1334
[Worker 28] Processing 970/1334
[Worker 28] Processing 980/1334
[Worker 28] Processing 990/1334
[Worker 28] Processing 1000/1334
# writing /mnt/beegfs02/scratch/a_morelli/model_training/handedness/png_resized_padded/train/worker28_shard-000001.tar 1000 0.1 GB 1000
[Worker 28] Processing 1010/1334
[Worker 28] Processing 1020/1334
[Worker 28] Processing 1030/1334
[Worker 28] Processing 1040/1334
[Worker 28] Processing 1050/1334
[Worker 28] Processing 1060/1334
[Worker 28] Processing 1070/1334
[Worker 28] Processing 1080/1334
[Worker 28] Processing 1090/1334
[Worker 28] Processing 1100/1334
[Worker 28] Processing 1110/1334
[Worker 28] Processing 1120/1334
[Worker 28] Processing 1130/1334
[Worker 28] Processing 1140/1334
[Worker 28] Processing 1150/1334
[Worker 28] Processing 1160/1334
[Worker 28] Processing 1170/1334
[Worker 28] Processing 1180/1334
[Worker 28] Processing 1190/1334
[Worker 28] Processing 1200/1334
[Worker 28] Processing 1210/1334
[Worker 28] Processing 1220/1334
[Worker 28] Processing 1230/1334
[Worker 28] Processing 1240/1334
[Worker 28] Processing 1250/1334
[Worker 28] Processing 1260/1334
[Worker 28] Processing 1270/1334
[Worker 28] Processing 1280/1334
[Worker 28] Processing 1290/1334
[Worker 28] Processing 1300/1334
[Worker 28] Processing 1310/1334
[Worker 28] Processing 1320/1334
[Worker 28] Processing 1330/1334
[Worker 28] Complete!
[Worker 16] Starting conversion of 1334 subjects...
# writing /mnt/beegfs02/scratch/a_morelli/model_training/handedness/png_resized_padded/train/worker16_shard-000000.tar 0 0.0 GB 0
[Worker 16] Processing 10/1334
[Worker 16] Processing 20/1334
[Worker 16] Processing 30/1334
[Worker 16] Processing 40/1334
[Worker 16] Processing 50/1334
[Worker 16] Processing 60/1334
[Worker 16] Processing 70/1334
[Worker 16] Processing 80/1334
[Worker 16] Processing 90/1334
[Worker 16] Processing 100/1334
[Worker 16] Processing 110/1334
[Worker 16] Processing 120/1334
[Worker 16] Processing 130/1334
[Worker 16] Processing 140/1334
[Worker 16] Processing 150/1334
[Worker 16] Processing 160/1334
[Worker 16] Processing 170/1334
[Worker 16] Processing 180/1334
[Worker 16] Processing 190/1334
[Worker 16] Processing 200/1334
[Worker 16] Processing 210/1334
[Worker 16] Processing 220/1334
[Worker 16] Processing 230/1334
[Worker 16] Processing 240/1334
[Worker 16] Processing 250/1334
[Worker 16] Processing 260/1334
[Worker 16] Processing 270/1334
[Worker 16] Processing 280/1334
[Worker 16] Processing 290/1334
[Worker 16] Processing 300/1334
[Worker 16] Processing 310/1334
[Worker 16] Processing 320/1334
[Worker 16] Processing 330/1334
[Worker 16] Processing 340/1334
[Worker 16] Processing 350/1334
[Worker 16] Processing 360/1334
[Worker 16] Processing 370/1334
[Worker 16] Processing 380/1334
[Worker 16] Processing 390/1334
[Worker 16] Processing 400/1334
[Worker 16] Processing 410/1334
[Worker 16] Processing 420/1334
[Worker 16] Processing 430/1334
[Worker 16] Processing 440/1334
[Worker 16] Processing 450/1334
[Worker 16] Processing 460/1334
[Worker 16] Processing 470/1334
[Worker 16] Processing 480/1334
[Worker 16] Processing 490/1334
[Worker 16] Processing 500/1334
[Worker 16] Processing 510/1334
[Worker 16] Processing 520/1334
[Worker 16] Processing 530/1334
[Worker 16] Processing 540/1334
[Worker 16] Processing 550/1334
[Worker 16] Processing 560/1334
[Worker 16] Processing 570/1334
[Worker 16] Processing 580/1334
[Worker 16] Processing 590/1334
[Worker 16] Processing 600/1334
[Worker 16] Processing 610/1334
[Worker 16] Processing 620/1334
[Worker 16] Processing 630/1334
[Worker 16] Processing 640/1334
[Worker 16] Processing 650/1334
[Worker 16] Processing 660/1334
[Worker 16] Processing 670/1334
[Worker 16] Processing 680/1334
[Worker 16] Processing 690/1334
[Worker 16] Processing 700/1334
[Worker 16] Processing 710/1334
[Worker 16] Processing 720/1334
[Worker 16] Processing 730/1334
[Worker 16] Processing 740/1334
[Worker 16] Processing 750/1334
[Worker 16] Processing 760/1334
[Worker 16] Processing 770/1334
[Worker 16] Processing 780/1334
[Worker 16] Processing 790/1334
[Worker 16] Processing 800/1334
[Worker 16] Processing 810/1334
[Worker 16] Processing 820/1334
[Worker 16] Processing 830/1334
[Worker 16] Processing 840/1334
[Worker 16] Processing 850/1334
[Worker 16] Processing 860/1334
[Worker 16] Processing 870/1334
[Worker 16] Processing 880/1334
[Worker 16] Processing 890/1334
[Worker 16] Processing 900/1334
[Worker 16] Processing 910/1334
[Worker 16] Processing 920/1334
[Worker 16] Processing 930/1334
[Worker 16] Processing 940/1334
[Worker 16] Processing 950/1334
[Worker 16] Processing 960/1334
[Worker 16] Processing 970/1334
[Worker 16] Processing 980/1334
[Worker 16] Processing 990/1334
[Worker 16] Processing 1000/1334
# writing /mnt/beegfs02/scratch/a_morelli/model_training/handedness/png_resized_padded/train/worker16_shard-000001.tar 1000 0.1 GB 1000
[Worker 16] Processing 1010/1334
[Worker 16] Processing 1020/1334
[Worker 16] Processing 1030/1334
[Worker 16] Processing 1040/1334
[Worker 16] Processing 1050/1334
[Worker 16] Processing 1060/1334
[Worker 16] Processing 1070/1334
[Worker 16] Processing 1080/1334
[Worker 16] Processing 1090/1334
[Worker 16] Processing 1100/1334
[Worker 16] Processing 1110/1334
[Worker 16] Processing 1120/1334
[Worker 16] Processing 1130/1334
[Worker 16] Processing 1140/1334
[Worker 16] Processing 1150/1334
[Worker 16] Processing 1160/1334
[Worker 16] Processing 1170/1334
[Worker 16] Processing 1180/1334
[Worker 16] Processing 1190/1334
[Worker 16] Processing 1200/1334
[Worker 16] Processing 1210/1334
[Worker 16] Processing 1220/1334
[Worker 16] Processing 1230/1334
[Worker 16] Processing 1240/1334
[Worker 16] Processing 1250/1334
[Worker 16] Processing 1260/1334
[Worker 16] Processing 1270/1334
[Worker 16] Processing 1280/1334
[Worker 16] Processing 1290/1334
[Worker 16] Processing 1300/1334
[Worker 16] Processing 1310/1334
[Worker 16] Processing 1320/1334
[Worker 16] Processing 1330/1334
[Worker 16] Complete!
[Worker 15] Starting conversion of 1334 subjects...
# writing /mnt/beegfs02/scratch/a_morelli/model_training/handedness/png_resized_padded/train/worker15_shard-000000.tar 0 0.0 GB 0
[Worker 15] Processing 10/1334
[Worker 15] Processing 20/1334
[Worker 15] Processing 30/1334
[Worker 15] Processing 40/1334
[Worker 15] Processing 50/1334
[Worker 15] Processing 60/1334
[Worker 15] Processing 70/1334
[Worker 15] Processing 80/1334
[Worker 15] Processing 90/1334
[Worker 15] Processing 100/1334
[Worker 15] Processing 110/1334
[Worker 15] Processing 120/1334
[Worker 15] Processing 130/1334
[Worker 15] Processing 140/1334
[Worker 15] Processing 150/1334
[Worker 15] Processing 160/1334
[Worker 15] Processing 170/1334
[Worker 15] Processing 180/1334
[Worker 15] Processing 190/1334
[Worker 15] Processing 200/1334
[Worker 15] Processing 210/1334
[Worker 15] Processing 220/1334
[Worker 15] Processing 230/1334
[Worker 15] Processing 240/1334
[Worker 15] Processing 250/1334
[Worker 15] Processing 260/1334
[Worker 15] Processing 270/1334
[Worker 15] Processing 280/1334
[Worker 15] Processing 290/1334
[Worker 15] Processing 300/1334
[Worker 15] Processing 310/1334
[Worker 15] Processing 320/1334
[Worker 15] Processing 330/1334
[Worker 15] Processing 340/1334
[Worker 15] Processing 350/1334
[Worker 15] Processing 360/1334
[Worker 15] Processing 370/1334
[Worker 15] Processing 380/1334
[Worker 15] Processing 390/1334
[Worker 15] Processing 400/1334
[Worker 15] Processing 410/1334
[Worker 15] Processing 420/1334
[Worker 15] Processing 430/1334
[Worker 15] Processing 440/1334
[Worker 15] Processing 450/1334
[Worker 15] Processing 460/1334
[Worker 15] Processing 470/1334
[Worker 15] Processing 480/1334
[Worker 15] Processing 490/1334
[Worker 15] Processing 500/1334
[Worker 15] Processing 510/1334
[Worker 15] Processing 520/1334
[Worker 15] Processing 530/1334
[Worker 15] Processing 540/1334
[Worker 15] Processing 550/1334
[Worker 15] Processing 560/1334
[Worker 15] Processing 570/1334
[Worker 15] Processing 580/1334
[Worker 15] Processing 590/1334
[Worker 15] Processing 600/1334
[Worker 15] Processing 610/1334
[Worker 15] Processing 620/1334
[Worker 15] Processing 630/1334
[Worker 15] Processing 640/1334
[Worker 15] Processing 650/1334
[Worker 15] Processing 660/1334
[Worker 15] Processing 670/1334
[Worker 15] Processing 680/1334
[Worker 15] Processing 690/1334
[Worker 15] Processing 700/1334
[Worker 15] Processing 710/1334
[Worker 15] Processing 720/1334
[Worker 15] Processing 730/1334
[Worker 15] Processing 740/1334
[Worker 15] Processing 750/1334
[Worker 15] Processing 760/1334
[Worker 15] Processing 770/1334
[Worker 15] Processing 780/1334
[Worker 15] Processing 790/1334
[Worker 15] Processing 800/1334
[Worker 15] Processing 810/1334
[Worker 15] Processing 820/1334
[Worker 15] Processing 830/1334
[Worker 15] Processing 840/1334
[Worker 15] Processing 850/1334
[Worker 15] Processing 860/1334
[Worker 15] Processing 870/1334
[Worker 15] Processing 880/1334
[Worker 15] Processing 890/1334
[Worker 15] Processing 900/1334
[Worker 15] Processing 910/1334
[Worker 15] Processing 920/1334
[Worker 15] Processing 930/1334
[Worker 15] Processing 940/1334
[Worker 15] Processing 950/1334
[Worker 15] Processing 960/1334
[Worker 15] Processing 970/1334
[Worker 15] Processing 980/1334
[Worker 15] Processing 990/1334
[Worker 15] Processing 1000/1334
# writing /mnt/beegfs02/scratch/a_morelli/model_training/handedness/png_resized_padded/train/worker15_shard-000001.tar 1000 0.1 GB 1000
[Worker 15] Processing 1010/1334
[Worker 15] Processing 1020/1334
[Worker 15] Processing 1030/1334
[Worker 15] Processing 1040/1334
[Worker 15] Processing 1050/1334
[Worker 15] Processing 1060/1334
[Worker 15] Processing 1070/1334
[Worker 15] Processing 1080/1334
[Worker 15] Processing 1090/1334
[Worker 15] Processing 1100/1334
[Worker 15] Processing 1110/1334
[Worker 15] Processing 1120/1334
[Worker 15] Processing 1130/1334
[Worker 15] Processing 1140/1334
[Worker 15] Processing 1150/1334
[Worker 15] Processing 1160/1334
[Worker 15] Processing 1170/1334
[Worker 15] Processing 1180/1334
[Worker 15] Processing 1190/1334
[Worker 15] Processing 1200/1334
[Worker 15] Processing 1210/1334
[Worker 15] Processing 1220/1334
[Worker 15] Processing 1230/1334
[Worker 15] Processing 1240/1334
[Worker 15] Processing 1250/1334
[Worker 15] Processing 1260/1334
[Worker 15] Processing 1270/1334
[Worker 15] Processing 1280/1334
[Worker 15] Processing 1290/1334
[Worker 15] Processing 1300/1334
[Worker 15] Processing 1310/1334
[Worker 15] Processing 1320/1334
[Worker 15] Processing 1330/1334
[Worker 15] Complete!
[Worker 29] Starting conversion of 1334 subjects...
# writing /mnt/beegfs02/scratch/a_morelli/model_training/handedness/png_resized_padded/train/worker29_shard-000000.tar 0 0.0 GB 0
[Worker 29] Processing 10/1334
[Worker 29] Processing 20/1334
[Worker 29] Processing 30/1334
[Worker 29] Processing 40/1334
[Worker 29] Processing 50/1334
[Worker 29] Processing 60/1334
[Worker 29] Processing 70/1334
[Worker 29] Processing 80/1334
[Worker 29] Processing 90/1334
[Worker 29] Processing 100/1334
[Worker 29] Processing 110/1334
[Worker 29] Processing 120/1334
[Worker 29] Processing 130/1334
[Worker 29] Processing 140/1334
[Worker 29] Processing 150/1334
[Worker 29] Processing 160/1334
[Worker 29] Processing 170/1334
[Worker 29] Processing 180/1334
[Worker 29] Processing 190/1334
[Worker 29] Processing 200/1334
[Worker 29] Processing 210/1334
[Worker 29] Processing 220/1334
[Worker 29] Processing 230/1334
[Worker 29] Processing 240/1334
[Worker 29] Processing 250/1334
[Worker 29] Processing 260/1334
[Worker 29] Processing 270/1334
[Worker 29] Processing 280/1334
[Worker 29] Processing 290/1334
[Worker 29] Processing 300/1334
[Worker 29] Processing 310/1334
[Worker 29] Processing 320/1334
[Worker 29] Processing 330/1334
[Worker 29] Processing 340/1334
[Worker 29] Processing 350/1334
[Worker 29] Processing 360/1334
[Worker 29] Processing 370/1334
[Worker 29] Processing 380/1334
[Worker 29] Processing 390/1334
[Worker 29] Processing 400/1334
[Worker 29] Processing 410/1334
[Worker 29] Processing 420/1334
[Worker 29] Processing 430/1334
[Worker 29] Processing 440/1334
[Worker 29] Processing 450/1334
[Worker 29] Processing 460/1334
[Worker 29] Processing 470/1334
[Worker 29] Processing 480/1334
[Worker 29] Processing 490/1334
[Worker 29] Processing 500/1334
[Worker 29] Processing 510/1334
[Worker 29] Processing 520/1334
[Worker 29] Processing 530/1334
[Worker 29] Processing 540/1334
[Worker 29] Processing 550/1334
[Worker 29] Processing 560/1334
[Worker 29] Processing 570/1334
[Worker 29] Processing 580/1334
[Worker 29] Processing 590/1334
[Worker 29] Processing 600/1334
[Worker 29] Processing 610/1334
[Worker 29] Processing 620/1334
[Worker 29] Processing 630/1334
[Worker 29] Processing 640/1334
[Worker 29] Processing 650/1334
[Worker 29] Processing 660/1334
[Worker 29] Processing 670/1334
[Worker 29] Processing 680/1334
[Worker 29] Processing 690/1334
[Worker 29] Processing 700/1334
[Worker 29] Processing 710/1334
[Worker 29] Processing 720/1334
[Worker 29] Processing 730/1334
[Worker 29] Processing 740/1334
[Worker 29] Processing 750/1334
[Worker 29] Processing 760/1334
[Worker 29] Processing 770/1334
[Worker 29] Processing 780/1334
[Worker 29] Processing 790/1334
[Worker 29] Processing 800/1334
[Worker 29] Processing 810/1334
[Worker 29] Processing 820/1334
[Worker 29] Processing 830/1334
[Worker 29] Processing 840/1334
[Worker 29] Processing 850/1334
[Worker 29] Processing 860/1334
[Worker 29] Processing 870/1334
[Worker 29] Processing 880/1334
[Worker 29] Processing 890/1334
[Worker 29] Processing 900/1334
[Worker 29] Processing 910/1334
[Worker 29] Processing 920/1334
[Worker 29] Processing 930/1334
[Worker 29] Processing 940/1334
[Worker 29] Processing 950/1334
[Worker 29] Processing 960/1334
[Worker 29] Processing 970/1334
[Worker 29] Processing 980/1334
[Worker 29] Processing 990/1334
[Worker 29] Processing 1000/1334
# writing /mnt/beegfs02/scratch/a_morelli/model_training/handedness/png_resized_padded/train/worker29_shard-000001.tar 1000 0.1 GB 1000
[Worker 29] Processing 1010/1334
[Worker 29] Processing 1020/1334
[Worker 29] Processing 1030/1334
[Worker 29] Processing 1040/1334
[Worker 29] Processing 1050/1334
[Worker 29] Processing 1060/1334
[Worker 29] Processing 1070/1334
[Worker 29] Processing 1080/1334
[Worker 29] Processing 1090/1334
[Worker 29] Processing 1100/1334
[Worker 29] Processing 1110/1334
[Worker 29] Processing 1120/1334
[Worker 29] Processing 1130/1334
[Worker 29] Processing 1140/1334
[Worker 29] Processing 1150/1334
[Worker 29] Processing 1160/1334
[Worker 29] Processing 1170/1334
[Worker 29] Processing 1180/1334
[Worker 29] Processing 1190/1334
[Worker 29] Processing 1200/1334
[Worker 29] Processing 1210/1334
[Worker 29] Processing 1220/1334
[Worker 29] Processing 1230/1334
[Worker 29] Processing 1240/1334
[Worker 29] Processing 1250/1334
[Worker 29] Processing 1260/1334
[Worker 29] Processing 1270/1334
[Worker 29] Processing 1280/1334
[Worker 29] Processing 1290/1334
[Worker 29] Processing 1300/1334
[Worker 29] Processing 1310/1334
[Worker 29] Processing 1320/1334
[Worker 29] Processing 1330/1334
[Worker 29] Complete!
[Worker 6] Starting conversion of 1334 subjects...
# writing /mnt/beegfs02/scratch/a_morelli/model_training/handedness/png_resized_padded/train/worker6_shard-000000.tar 0 0.0 GB 0
[Worker 6] Processing 10/1334
[Worker 6] Processing 20/1334
[Worker 6] Processing 30/1334
[Worker 6] Processing 40/1334
[Worker 6] Processing 50/1334
[Worker 6] Processing 60/1334
[Worker 6] Processing 70/1334
[Worker 6] Processing 80/1334
[Worker 6] Processing 90/1334
[Worker 6] Processing 100/1334
[Worker 6] Processing 110/1334
[Worker 6] Processing 120/1334
[Worker 6] Processing 130/1334
[Worker 6] Processing 140/1334
[Worker 6] Processing 150/1334
[Worker 6] Processing 160/1334
[Worker 6] Processing 170/1334
[Worker 6] Processing 180/1334
[Worker 6] Processing 190/1334
[Worker 6] Processing 200/1334
[Worker 6] Processing 210/1334
[Worker 6] Processing 220/1334
[Worker 6] Processing 230/1334
[Worker 6] Processing 240/1334
[Worker 6] Processing 250/1334
[Worker 6] Processing 260/1334
[Worker 6] Processing 270/1334
[Worker 6] Processing 280/1334
[Worker 6] Processing 290/1334
[Worker 6] Processing 300/1334
[Worker 6] Processing 310/1334
[Worker 6] Processing 320/1334
[Worker 6] Processing 330/1334
[Worker 6] Processing 340/1334
[Worker 6] Processing 350/1334
[Worker 6] Processing 360/1334
[Worker 6] Processing 370/1334
[Worker 6] Processing 380/1334
[Worker 6] Processing 390/1334
[Worker 6] Processing 400/1334
[Worker 6] Processing 410/1334
[Worker 6] Processing 420/1334
[Worker 6] Processing 430/1334
[Worker 6] Processing 440/1334
[Worker 6] Processing 450/1334
[Worker 6] Processing 460/1334
[Worker 6] Processing 470/1334
[Worker 6] Processing 480/1334
[Worker 6] Processing 490/1334
[Worker 6] Processing 500/1334
[Worker 6] Processing 510/1334
[Worker 6] Processing 520/1334
[Worker 6] Processing 530/1334
[Worker 6] Processing 540/1334
[Worker 6] Processing 550/1334
[Worker 6] Processing 560/1334
[Worker 6] Processing 570/1334
[Worker 6] Processing 580/1334
[Worker 6] Processing 590/1334
[Worker 6] Processing 600/1334
[Worker 6] Processing 610/1334
[Worker 6] Processing 620/1334
[Worker 6] Processing 630/1334
[Worker 6] Processing 640/1334
[Worker 6] Processing 650/1334
[Worker 6] Processing 660/1334
[Worker 6] Processing 670/1334
[Worker 6] Processing 680/1334
[Worker 6] Processing 690/1334
[Worker 6] Processing 700/1334
[Worker 6] Processing 710/1334
[Worker 6] Processing 720/1334
[Worker 6] Processing 730/1334
[Worker 6] Processing 740/1334
[Worker 6] Processing 750/1334
[Worker 6] Processing 760/1334
[Worker 6] Processing 770/1334
[Worker 6] Processing 780/1334
[Worker 6] Processing 790/1334
[Worker 6] Processing 800/1334
[Worker 6] Processing 810/1334
[Worker 6] Processing 820/1334
[Worker 6] Processing 830/1334
[Worker 6] Processing 840/1334
[Worker 6] Processing 850/1334
[Worker 6] Processing 860/1334
[Worker 6] Processing 870/1334
[Worker 6] Processing 880/1334
[Worker 6] Processing 890/1334
[Worker 6] Processing 900/1334
[Worker 6] Processing 910/1334
[Worker 6] Processing 920/1334
[Worker 6] Processing 930/1334
[Worker 6] Processing 940/1334
[Worker 6] Processing 950/1334
[Worker 6] Processing 960/1334
[Worker 6] Processing 970/1334
[Worker 6] Processing 980/1334
[Worker 6] Processing 990/1334
[Worker 6] Processing 1000/1334
# writing /mnt/beegfs02/scratch/a_morelli/model_training/handedness/png_resized_padded/train/worker6_shard-000001.tar 1000 0.1 GB 1000
[Worker 6] Processing 1010/1334
[Worker 6] Processing 1020/1334
[Worker 6] Processing 1030/1334
[Worker 6] Processing 1040/1334
[Worker 6] Processing 1050/1334
[Worker 6] Processing 1060/1334
[Worker 6] Processing 1070/1334
[Worker 6] Processing 1080/1334
[Worker 6] Processing 1090/1334
[Worker 6] Processing 1100/1334
[Worker 6] Processing 1110/1334
[Worker 6] Processing 1120/1334
[Worker 6] Processing 1130/1334
[Worker 6] Processing 1140/1334
[Worker 6] Processing 1150/1334
[Worker 6] Processing 1160/1334
[Worker 6] Processing 1170/1334
[Worker 6] Processing 1180/1334
[Worker 6] Processing 1190/1334
[Worker 6] Processing 1200/1334
[Worker 6] Processing 1210/1334
[Worker 6] Processing 1220/1334
[Worker 6] Processing 1230/1334
[Worker 6] Processing 1240/1334
[Worker 6] Processing 1250/1334
[Worker 6] Processing 1260/1334
[Worker 6] Processing 1270/1334
[Worker 6] Processing 1280/1334
[Worker 6] Processing 1290/1334
[Worker 6] Processing 1300/1334
[Worker 6] Processing 1310/1334
[Worker 6] Processing 1320/1334
[Worker 6] Processing 1330/1334
[Worker 6] Complete!
[Worker 19] Starting conversion of 1334 subjects...
# writing /mnt/beegfs02/scratch/a_morelli/model_training/handedness/png_resized_padded/train/worker19_shard-000000.tar 0 0.0 GB 0
[Worker 19] Processing 10/1334
[Worker 19] Processing 20/1334
[Worker 19] Processing 30/1334
[Worker 19] Processing 40/1334
[Worker 19] Processing 50/1334
[Worker 19] Processing 60/1334
[Worker 19] Processing 70/1334
[Worker 19] Processing 80/1334
[Worker 19] Processing 90/1334
[Worker 19] Processing 100/1334
[Worker 19] Processing 110/1334
[Worker 19] Processing 120/1334
[Worker 19] Processing 130/1334
[Worker 19] Processing 140/1334
[Worker 19] Processing 150/1334
[Worker 19] Processing 160/1334
[Worker 19] Processing 170/1334
[Worker 19] Processing 180/1334
[Worker 19] Processing 190/1334
[Worker 19] Processing 200/1334
[Worker 19] Processing 210/1334
[Worker 19] Processing 220/1334
[Worker 19] Processing 230/1334
[Worker 19] Processing 240/1334
[Worker 19] Processing 250/1334
[Worker 19] Processing 260/1334
[Worker 19] Processing 270/1334
[Worker 19] Processing 280/1334
[Worker 19] Processing 290/1334
[Worker 19] Processing 300/1334
[Worker 19] Processing 310/1334
[Worker 19] Processing 320/1334
[Worker 19] Processing 330/1334
[Worker 19] Processing 340/1334
[Worker 19] Processing 350/1334
[Worker 19] Processing 360/1334
[Worker 19] Processing 370/1334
[Worker 19] Processing 380/1334
[Worker 19] Processing 390/1334
[Worker 19] Processing 400/1334
[Worker 19] Processing 410/1334
[Worker 19] Processing 420/1334
[Worker 19] Processing 430/1334
[Worker 19] Processing 440/1334
[Worker 19] Processing 450/1334
[Worker 19] Processing 460/1334
[Worker 19] Processing 470/1334
[Worker 19] Processing 480/1334
[Worker 19] Processing 490/1334
[Worker 19] Processing 500/1334
[Worker 19] Processing 510/1334
[Worker 19] Processing 520/1334
[Worker 19] Processing 530/1334
[Worker 19] Processing 540/1334
[Worker 19] Processing 550/1334
[Worker 19] Processing 560/1334
[Worker 19] Processing 570/1334
[Worker 19] Processing 580/1334
[Worker 19] Processing 590/1334
[Worker 19] Processing 600/1334
[Worker 19] Processing 610/1334
[Worker 19] Processing 620/1334
[Worker 19] Processing 630/1334
[Worker 19] Processing 640/1334
[Worker 19] Processing 650/1334
[Worker 19] Processing 660/1334
[Worker 19] Processing 670/1334
[Worker 19] Processing 680/1334
[Worker 19] Processing 690/1334
[Worker 19] Processing 700/1334
[Worker 19] Processing 710/1334
[Worker 19] Processing 720/1334
[Worker 19] Processing 730/1334
[Worker 19] Processing 740/1334
[Worker 19] Processing 750/1334
[Worker 19] Processing 760/1334
[Worker 19] Processing 770/1334
[Worker 19] Processing 780/1334
[Worker 19] Processing 790/1334
[Worker 19] Processing 800/1334
[Worker 19] Processing 810/1334
[Worker 19] Processing 820/1334
[Worker 19] Processing 830/1334
[Worker 19] Processing 840/1334
[Worker 19] Processing 850/1334
[Worker 19] Processing 860/1334
[Worker 19] Processing 870/1334
[Worker 19] Processing 880/1334
[Worker 19] Processing 890/1334
[Worker 19] Processing 900/1334
[Worker 19] Processing 910/1334
[Worker 19] Processing 920/1334
[Worker 19] Processing 930/1334
[Worker 19] Processing 940/1334
[Worker 19] Processing 950/1334
[Worker 19] Processing 960/1334
[Worker 19] Processing 970/1334
[Worker 19] Processing 980/1334
[Worker 19] Processing 990/1334
[Worker 19] Processing 1000/1334
# writing /mnt/beegfs02/scratch/a_morelli/model_training/handedness/png_resized_padded/train/worker19_shard-000001.tar 1000 0.1 GB 1000
[Worker 19] Processing 1010/1334
[Worker 19] Processing 1020/1334
[Worker 19] Processing 1030/1334
[Worker 19] Processing 1040/1334
[Worker 19] Processing 1050/1334
[Worker 19] Processing 1060/1334
[Worker 19] Processing 1070/1334
[Worker 19] Processing 1080/1334
[Worker 19] Processing 1090/1334
[Worker 19] Processing 1100/1334
[Worker 19] Processing 1110/1334
[Worker 19] Processing 1120/1334
[Worker 19] Processing 1130/1334
[Worker 19] Processing 1140/1334
[Worker 19] Processing 1150/1334
[Worker 19] Processing 1160/1334
[Worker 19] Processing 1170/1334
[Worker 19] Processing 1180/1334
[Worker 19] Processing 1190/1334
[Worker 19] Processing 1200/1334
[Worker 19] Processing 1210/1334
[Worker 19] Processing 1220/1334
[Worker 19] Processing 1230/1334
[Worker 19] Processing 1240/1334
[Worker 19] Processing 1250/1334
[Worker 19] Processing 1260/1334
[Worker 19] Processing 1270/1334
[Worker 19] Processing 1280/1334
[Worker 19] Processing 1290/1334
[Worker 19] Processing 1300/1334
[Worker 19] Processing 1310/1334
[Worker 19] Processing 1320/1334
[Worker 19] Processing 1330/1334
[Worker 19] Complete!
[Worker 0] Starting conversion of 1334 subjects...
# writing /mnt/beegfs02/scratch/a_morelli/model_training/handedness/png_resized_padded/train/worker0_shard-000000.tar 0 0.0 GB 0
[Worker 0] Processing 10/1334
[Worker 0] Processing 20/1334
[Worker 0] Processing 30/1334
[Worker 0] Processing 40/1334
[Worker 0] Processing 50/1334
[Worker 0] Processing 60/1334
[Worker 0] Processing 70/1334
[Worker 0] Processing 80/1334
[Worker 0] Processing 90/1334
[Worker 0] Processing 100/1334
[Worker 0] Processing 110/1334
[Worker 0] Processing 120/1334
[Worker 0] Processing 130/1334
[Worker 0] Processing 140/1334
[Worker 0] Processing 150/1334
[Worker 0] Processing 160/1334
[Worker 0] Processing 170/1334
[Worker 0] Processing 180/1334
[Worker 0] Processing 190/1334
[Worker 0] Processing 200/1334
[Worker 0] Processing 210/1334
[Worker 0] Processing 220/1334
[Worker 0] Processing 230/1334
[Worker 0] Processing 240/1334
[Worker 0] Processing 250/1334
[Worker 0] Processing 260/1334
[Worker 0] Processing 270/1334
[Worker 0] Processing 280/1334
[Worker 0] Processing 290/1334
[Worker 0] Processing 300/1334
[Worker 0] Processing 310/1334
[Worker 0] Processing 320/1334
[Worker 0] Processing 330/1334
[Worker 0] Processing 340/1334
[Worker 0] Processing 350/1334
[Worker 0] Processing 360/1334
[Worker 0] Processing 370/1334
[Worker 0] Processing 380/1334
[Worker 0] Processing 390/1334
[Worker 0] Processing 400/1334
[Worker 0] Processing 410/1334
[Worker 0] Processing 420/1334
[Worker 0] Processing 430/1334
[Worker 0] Processing 440/1334
[Worker 0] Processing 450/1334
[Worker 0] Processing 460/1334
[Worker 0] Processing 470/1334
[Worker 0] Processing 480/1334
[Worker 0] Processing 490/1334
[Worker 0] Processing 500/1334
[Worker 0] Processing 510/1334
[Worker 0] Processing 520/1334
[Worker 0] Processing 530/1334
[Worker 0] Processing 540/1334
[Worker 0] Processing 550/1334
[Worker 0] Processing 560/1334
[Worker 0] Processing 570/1334
[Worker 0] Processing 580/1334
[Worker 0] Processing 590/1334
[Worker 0] Processing 600/1334
[Worker 0] Processing 610/1334
[Worker 0] Processing 620/1334
[Worker 0] Processing 630/1334
[Worker 0] Processing 640/1334
[Worker 0] Processing 650/1334
[Worker 0] Processing 660/1334
[Worker 0] Processing 670/1334
[Worker 0] Processing 680/1334
[Worker 0] Processing 690/1334
[Worker 0] Processing 700/1334
[Worker 0] Processing 710/1334
[Worker 0] Processing 720/1334
[Worker 0] Processing 730/1334
[Worker 0] Processing 740/1334
[Worker 0] Processing 750/1334
[Worker 0] Processing 760/1334
[Worker 0] Processing 770/1334
[Worker 0] Processing 780/1334
[Worker 0] Processing 790/1334
[Worker 0] Processing 800/1334
[Worker 0] Processing 810/1334
[Worker 0] Processing 820/1334
[Worker 0] Processing 830/1334
[Worker 0] Processing 840/1334
[Worker 0] Processing 850/1334
[Worker 0] Processing 860/1334
[Worker 0] Processing 870/1334
[Worker 0] Processing 880/1334
[Worker 0] Processing 890/1334
[Worker 0] Processing 900/1334
[Worker 0] Processing 910/1334
[Worker 0] Processing 920/1334
[Worker 0] Processing 930/1334
[Worker 0] Processing 940/1334
[Worker 0] Processing 950/1334
[Worker 0] Processing 960/1334
[Worker 0] Processing 970/1334
[Worker 0] Processing 980/1334
[Worker 0] Processing 990/1334
[Worker 0] Processing 1000/1334
# writing /mnt/beegfs02/scratch/a_morelli/model_training/handedness/png_resized_padded/train/worker0_shard-000001.tar 1000 0.1 GB 1000
[Worker 0] Processing 1010/1334
[Worker 0] Processing 1020/1334
[Worker 0] Processing 1030/1334
[Worker 0] Processing 1040/1334
[Worker 0] Processing 1050/1334
[Worker 0] Processing 1060/1334
[Worker 0] Processing 1070/1334
[Worker 0] Processing 1080/1334
[Worker 0] Processing 1090/1334
[Worker 0] Processing 1100/1334
[Worker 0] Processing 1110/1334
[Worker 0] Processing 1120/1334
[Worker 0] Processing 1130/1334
[Worker 0] Processing 1140/1334
[Worker 0] Processing 1150/1334
[Worker 0] Processing 1160/1334
[Worker 0] Processing 1170/1334
[Worker 0] Processing 1180/1334
[Worker 0] Processing 1190/1334
[Worker 0] Processing 1200/1334
[Worker 0] Processing 1210/1334
[Worker 0] Processing 1220/1334
[Worker 0] Processing 1230/1334
[Worker 0] Processing 1240/1334
[Worker 0] Processing 1250/1334
[Worker 0] Processing 1260/1334
[Worker 0] Processing 1270/1334
[Worker 0] Processing 1280/1334
[Worker 0] Processing 1290/1334
[Worker 0] Processing 1300/1334
[Worker 0] Processing 1310/1334
[Worker 0] Processing 1320/1334
[Worker 0] Processing 1330/1334
[Worker 0] Complete!
[Worker 25] Starting conversion of 1334 subjects...
# writing /mnt/beegfs02/scratch/a_morelli/model_training/handedness/png_resized_padded/train/worker25_shard-000000.tar 0 0.0 GB 0
[Worker 25] Processing 10/1334
[Worker 25] Processing 20/1334
[Worker 25] Processing 30/1334
[Worker 25] Processing 40/1334
[Worker 25] Processing 50/1334
[Worker 25] Processing 60/1334
[Worker 25] Processing 70/1334
[Worker 25] Processing 80/1334
[Worker 25] Processing 90/1334
[Worker 25] Processing 100/1334
[Worker 25] Processing 110/1334
[Worker 25] Processing 120/1334
[Worker 25] Processing 130/1334
[Worker 25] Processing 140/1334
[Worker 25] Processing 150/1334
[Worker 25] Processing 160/1334
[Worker 25] Processing 170/1334
[Worker 25] Processing 180/1334
[Worker 25] Processing 190/1334
[Worker 25] Processing 200/1334
[Worker 25] Processing 210/1334
[Worker 25] Processing 220/1334
[Worker 25] Processing 230/1334
[Worker 25] Processing 240/1334
[Worker 25] Processing 250/1334
[Worker 25] Processing 260/1334
[Worker 25] Processing 270/1334
[Worker 25] Processing 280/1334
[Worker 25] Processing 290/1334
[Worker 25] Processing 300/1334
[Worker 25] Processing 310/1334
[Worker 25] Processing 320/1334
[Worker 25] Processing 330/1334
[Worker 25] Processing 340/1334
[Worker 25] Processing 350/1334
[Worker 25] Processing 360/1334
[Worker 25] Processing 370/1334
[Worker 25] Processing 380/1334
[Worker 25] Processing 390/1334
[Worker 25] Processing 400/1334
[Worker 25] Processing 410/1334
[Worker 25] Processing 420/1334
[Worker 25] Processing 430/1334
[Worker 25] Processing 440/1334
[Worker 25] Processing 450/1334
[Worker 25] Processing 460/1334
[Worker 25] Processing 470/1334
[Worker 25] Processing 480/1334
[Worker 25] Processing 490/1334
[Worker 25] Processing 500/1334
[Worker 25] Processing 510/1334
[Worker 25] Processing 520/1334
[Worker 25] Processing 530/1334
[Worker 25] Processing 540/1334
[Worker 25] Processing 550/1334
[Worker 25] Processing 560/1334
[Worker 25] Processing 570/1334
[Worker 25] Processing 580/1334
[Worker 25] Processing 590/1334
[Worker 25] Processing 600/1334
[Worker 25] Processing 610/1334
[Worker 25] Processing 620/1334
[Worker 25] Processing 630/1334
[Worker 25] Processing 640/1334
[Worker 25] Processing 650/1334
[Worker 25] Processing 660/1334
[Worker 25] Processing 670/1334
[Worker 25] Processing 680/1334
[Worker 25] Processing 690/1334
[Worker 25] Processing 700/1334
[Worker 25] Processing 710/1334
[Worker 25] Processing 720/1334
[Worker 25] Processing 730/1334
[Worker 25] Processing 740/1334
[Worker 25] Processing 750/1334
[Worker 25] Processing 760/1334
[Worker 25] Processing 770/1334
[Worker 25] Processing 780/1334
[Worker 25] Processing 790/1334
[Worker 25] Processing 800/1334
[Worker 25] Processing 810/1334
[Worker 25] Processing 820/1334
[Worker 25] Processing 830/1334
[Worker 25] Processing 840/1334
[Worker 25] Processing 850/1334
[Worker 25] Processing 860/1334
[Worker 25] Processing 870/1334
[Worker 25] Processing 880/1334
[Worker 25] Processing 890/1334
[Worker 25] Processing 900/1334
[Worker 25] Processing 910/1334
[Worker 25] Processing 920/1334
[Worker 25] Processing 930/1334
[Worker 25] Processing 940/1334
[Worker 25] Processing 950/1334
[Worker 25] Processing 960/1334
[Worker 25] Processing 970/1334
[Worker 25] Processing 980/1334
[Worker 25] Processing 990/1334
[Worker 25] Processing 1000/1334
# writing /mnt/beegfs02/scratch/a_morelli/model_training/handedness/png_resized_padded/train/worker25_shard-000001.tar 1000 0.1 GB 1000
[Worker 25] Processing 1010/1334
[Worker 25] Processing 1020/1334
[Worker 25] Processing 1030/1334
[Worker 25] Processing 1040/1334
[Worker 25] Processing 1050/1334
[Worker 25] Processing 1060/1334
[Worker 25] Processing 1070/1334
[Worker 25] Processing 1080/1334
[Worker 25] Processing 1090/1334
[Worker 25] Processing 1100/1334
[Worker 25] Processing 1110/1334
[Worker 25] Processing 1120/1334
[Worker 25] Processing 1130/1334
[Worker 25] Processing 1140/1334
[Worker 25] Processing 1150/1334
[Worker 25] Processing 1160/1334
[Worker 25] Processing 1170/1334
[Worker 25] Processing 1180/1334
[Worker 25] Processing 1190/1334
[Worker 25] Processing 1200/1334
[Worker 25] Processing 1210/1334
[Worker 25] Processing 1220/1334
[Worker 25] Processing 1230/1334
[Worker 25] Processing 1240/1334
[Worker 25] Processing 1250/1334
[Worker 25] Processing 1260/1334
[Worker 25] Processing 1270/1334
[Worker 25] Processing 1280/1334
[Worker 25] Processing 1290/1334
[Worker 25] Processing 1300/1334
[Worker 25] Processing 1310/1334
[Worker 25] Processing 1320/1334
[Worker 25] Processing 1330/1334
[Worker 25] Complete!
[Worker 12] Starting conversion of 1334 subjects...
# writing /mnt/beegfs02/scratch/a_morelli/model_training/handedness/png_resized_padded/train/worker12_shard-000000.tar 0 0.0 GB 0
[Worker 12] Processing 10/1334
[Worker 12] Processing 20/1334
[Worker 12] Processing 30/1334
[Worker 12] Processing 40/1334
[Worker 12] Processing 50/1334
[Worker 12] Processing 60/1334
[Worker 12] Processing 70/1334
[Worker 12] Processing 80/1334
[Worker 12] Processing 90/1334
[Worker 12] Processing 100/1334
[Worker 12] Processing 110/1334
[Worker 12] Processing 120/1334
[Worker 12] Processing 130/1334
[Worker 12] Processing 140/1334
[Worker 12] Processing 150/1334
[Worker 12] Processing 160/1334
[Worker 12] Processing 170/1334
[Worker 12] Processing 180/1334
[Worker 12] Processing 190/1334
[Worker 12] Processing 200/1334
[Worker 12] Processing 210/1334
[Worker 12] Processing 220/1334
[Worker 12] Processing 230/1334
[Worker 12] Processing 240/1334
[Worker 12] Processing 250/1334
[Worker 12] Processing 260/1334
[Worker 12] Processing 270/1334
[Worker 12] Processing 280/1334
[Worker 12] Processing 290/1334
[Worker 12] Processing 300/1334
[Worker 12] Processing 310/1334
[Worker 12] Processing 320/1334
[Worker 12] Processing 330/1334
[Worker 12] Processing 340/1334
[Worker 12] Processing 350/1334
[Worker 12] Processing 360/1334
[Worker 12] Processing 370/1334
[Worker 12] Processing 380/1334
[Worker 12] Processing 390/1334
[Worker 12] Processing 400/1334
[Worker 12] Processing 410/1334
[Worker 12] Processing 420/1334
[Worker 12] Processing 430/1334
[Worker 12] Processing 440/1334
[Worker 12] Processing 450/1334
[Worker 12] Processing 460/1334
[Worker 12] Processing 470/1334
[Worker 12] Processing 480/1334
[Worker 12] Processing 490/1334
[Worker 12] Processing 500/1334
[Worker 12] Processing 510/1334
[Worker 12] Processing 520/1334
[Worker 12] Processing 530/1334
[Worker 12] Processing 540/1334
[Worker 12] Processing 550/1334
[Worker 12] Processing 560/1334
[Worker 12] Processing 570/1334
[Worker 12] Processing 580/1334
[Worker 12] Processing 590/1334
[Worker 12] Processing 600/1334
[Worker 12] Processing 610/1334
[Worker 12] Processing 620/1334
[Worker 12] Processing 630/1334
[Worker 12] Processing 640/1334
[Worker 12] Processing 650/1334
[Worker 12] Processing 660/1334
[Worker 12] Processing 670/1334
[Worker 12] Processing 680/1334
[Worker 12] Processing 690/1334
[Worker 12] Processing 700/1334
[Worker 12] Processing 710/1334
[Worker 12] Processing 720/1334
[Worker 12] Processing 730/1334
[Worker 12] Processing 740/1334
[Worker 12] Processing 750/1334
[Worker 12] Processing 760/1334
[Worker 12] Processing 770/1334
[Worker 12] Processing 780/1334
[Worker 12] Processing 790/1334
[Worker 12] Processing 800/1334
[Worker 12] Processing 810/1334
[Worker 12] Processing 820/1334
[Worker 12] Processing 830/1334
[Worker 12] Processing 840/1334
[Worker 12] Processing 850/1334
[Worker 12] Processing 860/1334
[Worker 12] Processing 870/1334
[Worker 12] Processing 880/1334
[Worker 12] Processing 890/1334
[Worker 12] Processing 900/1334
[Worker 12] Processing 910/1334
[Worker 12] Processing 920/1334
[Worker 12] Processing 930/1334
[Worker 12] Processing 940/1334
[Worker 12] Processing 950/1334
[Worker 12] Processing 960/1334
[Worker 12] Processing 970/1334
[Worker 12] Processing 980/1334
[Worker 12] Processing 990/1334
[Worker 12] Processing 1000/1334
# writing /mnt/beegfs02/scratch/a_morelli/model_training/handedness/png_resized_padded/train/worker12_shard-000001.tar 1000 0.1 GB 1000
[Worker 12] Processing 1010/1334
[Worker 12] Processing 1020/1334
[Worker 12] Processing 1030/1334
[Worker 12] Processing 1040/1334
[Worker 12] Processing 1050/1334
[Worker 12] Processing 1060/1334
[Worker 12] Processing 1070/1334
[Worker 12] Processing 1080/1334
[Worker 12] Processing 1090/1334
[Worker 12] Processing 1100/1334
[Worker 12] Processing 1110/1334
[Worker 12] Processing 1120/1334
[Worker 12] Processing 1130/1334
[Worker 12] Processing 1140/1334
[Worker 12] Processing 1150/1334
[Worker 12] Processing 1160/1334
[Worker 12] Processing 1170/1334
[Worker 12] Processing 1180/1334
[Worker 12] Processing 1190/1334
[Worker 12] Processing 1200/1334
[Worker 12] Processing 1210/1334
[Worker 12] Processing 1220/1334
[Worker 12] Processing 1230/1334
[Worker 12] Processing 1240/1334
[Worker 12] Processing 1250/1334
[Worker 12] Processing 1260/1334
[Worker 12] Processing 1270/1334
[Worker 12] Processing 1280/1334
[Worker 12] Processing 1290/1334
[Worker 12] Processing 1300/1334
[Worker 12] Processing 1310/1334
[Worker 12] Processing 1320/1334
[Worker 12] Processing 1330/1334
[Worker 12] Complete!
[Worker 13] Starting conversion of 1334 subjects...
# writing /mnt/beegfs02/scratch/a_morelli/model_training/handedness/png_resized_padded/train/worker13_shard-000000.tar 0 0.0 GB 0
[Worker 13] Processing 10/1334
[Worker 13] Processing 20/1334
[Worker 13] Processing 30/1334
[Worker 13] Processing 40/1334
[Worker 13] Processing 50/1334
[Worker 13] Processing 60/1334
[Worker 13] Processing 70/1334
[Worker 13] Processing 80/1334
[Worker 13] Processing 90/1334
[Worker 13] Processing 100/1334
[Worker 13] Processing 110/1334
[Worker 13] Processing 120/1334
[Worker 13] Processing 130/1334
[Worker 13] Processing 140/1334
[Worker 13] Processing 150/1334
[Worker 13] Processing 160/1334
[Worker 13] Processing 170/1334
[Worker 13] Processing 180/1334
[Worker 13] Processing 190/1334
[Worker 13] Processing 200/1334
[Worker 13] Processing 210/1334
[Worker 13] Processing 220/1334
[Worker 13] Processing 230/1334
[Worker 13] Processing 240/1334
[Worker 13] Processing 250/1334
[Worker 13] Processing 260/1334
[Worker 13] Processing 270/1334
[Worker 13] Processing 280/1334
[Worker 13] Processing 290/1334
[Worker 13] Processing 300/1334
[Worker 13] Processing 310/1334
[Worker 13] Processing 320/1334
[Worker 13] Processing 330/1334
[Worker 13] Processing 340/1334
[Worker 13] Processing 350/1334
[Worker 13] Processing 360/1334
[Worker 13] Processing 370/1334
[Worker 13] Processing 380/1334
[Worker 13] Processing 390/1334
[Worker 13] Processing 400/1334
[Worker 13] Processing 410/1334
[Worker 13] Processing 420/1334
[Worker 13] Processing 430/1334
[Worker 13] Processing 440/1334
[Worker 13] Processing 450/1334
[Worker 13] Processing 460/1334
[Worker 13] Processing 470/1334
[Worker 13] Processing 480/1334
[Worker 13] Processing 490/1334
[Worker 13] Processing 500/1334
[Worker 13] Processing 510/1334
[Worker 13] Processing 520/1334
[Worker 13] Processing 530/1334
[Worker 13] Processing 540/1334
[Worker 13] Processing 550/1334
[Worker 13] Processing 560/1334
[Worker 13] Processing 570/1334
[Worker 13] Processing 580/1334
[Worker 13] Processing 590/1334
[Worker 13] Processing 600/1334
[Worker 13] Processing 610/1334
[Worker 13] Processing 620/1334
[Worker 13] Processing 630/1334
[Worker 13] Processing 640/1334
[Worker 13] Processing 650/1334
[Worker 13] Processing 660/1334
[Worker 13] Processing 670/1334
[Worker 13] Processing 680/1334
[Worker 13] Processing 690/1334
[Worker 13] Processing 700/1334
[Worker 13] Processing 710/1334
[Worker 13] Processing 720/1334
[Worker 13] Processing 730/1334
[Worker 13] Processing 740/1334
[Worker 13] Processing 750/1334
[Worker 13] Processing 760/1334
[Worker 13] Processing 770/1334
[Worker 13] Processing 780/1334
[Worker 13] Processing 790/1334
[Worker 13] Processing 800/1334
[Worker 13] Processing 810/1334
[Worker 13] Processing 820/1334
[Worker 13] Processing 830/1334
[Worker 13] Processing 840/1334
[Worker 13] Processing 850/1334
[Worker 13] Processing 860/1334
[Worker 13] Processing 870/1334
[Worker 13] Processing 880/1334
[Worker 13] Processing 890/1334
[Worker 13] Processing 900/1334
[Worker 13] Processing 910/1334
[Worker 13] Processing 920/1334
[Worker 13] Processing 930/1334
[Worker 13] Processing 940/1334
[Worker 13] Processing 950/1334
[Worker 13] Processing 960/1334
[Worker 13] Processing 970/1334
[Worker 13] Processing 980/1334
[Worker 13] Processing 990/1334
[Worker 13] Processing 1000/1334
# writing /mnt/beegfs02/scratch/a_morelli/model_training/handedness/png_resized_padded/train/worker13_shard-000001.tar 1000 0.1 GB 1000
[Worker 13] Processing 1010/1334
[Worker 13] Processing 1020/1334
[Worker 13] Processing 1030/1334
[Worker 13] Processing 1040/1334
[Worker 13] Processing 1050/1334
[Worker 13] Processing 1060/1334
[Worker 13] Processing 1070/1334
[Worker 13] Processing 1080/1334
[Worker 13] Processing 1090/1334
[Worker 13] Processing 1100/1334
[Worker 13] Processing 1110/1334
[Worker 13] Processing 1120/1334
[Worker 13] Processing 1130/1334
[Worker 13] Processing 1140/1334
[Worker 13] Processing 1150/1334
[Worker 13] Processing 1160/1334
[Worker 13] Processing 1170/1334
[Worker 13] Processing 1180/1334
[Worker 13] Processing 1190/1334
[Worker 13] Processing 1200/1334
[Worker 13] Processing 1210/1334
[Worker 13] Processing 1220/1334
[Worker 13] Processing 1230/1334
[Worker 13] Processing 1240/1334
[Worker 13] Processing 1250/1334
[Worker 13] Processing 1260/1334
[Worker 13] Processing 1270/1334
[Worker 13] Processing 1280/1334
[Worker 13] Processing 1290/1334
[Worker 13] Processing 1300/1334
[Worker 13] Processing 1310/1334
[Worker 13] Processing 1320/1334
[Worker 13] Processing 1330/1334
[Worker 13] Complete!
[Worker 9] Starting conversion of 1334 subjects...
# writing /mnt/beegfs02/scratch/a_morelli/model_training/handedness/png_resized_padded/train/worker9_shard-000000.tar 0 0.0 GB 0
[Worker 9] Processing 10/1334
[Worker 9] Processing 20/1334
[Worker 9] Processing 30/1334
[Worker 9] Processing 40/1334
[Worker 9] Processing 50/1334
[Worker 9] Processing 60/1334
[Worker 9] Processing 70/1334
[Worker 9] Processing 80/1334
[Worker 9] Processing 90/1334
[Worker 9] Processing 100/1334
[Worker 9] Processing 110/1334
[Worker 9] Processing 120/1334
[Worker 9] Processing 130/1334
[Worker 9] Processing 140/1334
[Worker 9] Processing 150/1334
[Worker 9] Processing 160/1334
[Worker 9] Processing 170/1334
[Worker 9] Processing 180/1334
[Worker 9] Processing 190/1334
[Worker 9] Processing 200/1334
[Worker 9] Processing 210/1334
[Worker 9] Processing 220/1334
[Worker 9] Processing 230/1334
[Worker 9] Processing 240/1334
[Worker 9] Processing 250/1334
[Worker 9] Processing 260/1334
[Worker 9] Processing 270/1334
[Worker 9] Processing 280/1334
[Worker 9] Processing 290/1334
[Worker 9] Processing 300/1334
[Worker 9] Processing 310/1334
[Worker 9] Processing 320/1334
[Worker 9] Processing 330/1334
[Worker 9] Processing 340/1334
[Worker 9] Processing 350/1334
[Worker 9] Processing 360/1334
[Worker 9] Processing 370/1334
[Worker 9] Processing 380/1334
[Worker 9] Processing 390/1334
[Worker 9] Processing 400/1334
[Worker 9] Processing 410/1334
[Worker 9] Processing 420/1334
[Worker 9] Processing 430/1334
[Worker 9] Processing 440/1334
[Worker 9] Processing 450/1334
[Worker 9] Processing 460/1334
[Worker 9] Processing 470/1334
[Worker 9] Processing 480/1334
[Worker 9] Processing 490/1334
[Worker 9] Processing 500/1334
[Worker 9] Processing 510/1334
[Worker 9] Processing 520/1334
[Worker 9] Processing 530/1334
[Worker 9] Processing 540/1334
[Worker 9] Processing 550/1334
[Worker 9] Processing 560/1334
[Worker 9] Processing 570/1334
[Worker 9] Processing 580/1334
[Worker 9] Processing 590/1334
[Worker 9] Processing 600/1334
[Worker 9] Processing 610/1334
[Worker 9] Processing 620/1334
[Worker 9] Processing 630/1334
[Worker 9] Processing 640/1334
[Worker 9] Processing 650/1334
[Worker 9] Processing 660/1334
[Worker 9] Processing 670/1334
[Worker 9] Processing 680/1334
[Worker 9] Processing 690/1334
[Worker 9] Processing 700/1334
[Worker 9] Processing 710/1334
[Worker 9] Processing 720/1334
[Worker 9] Processing 730/1334
[Worker 9] Processing 740/1334
[Worker 9] Processing 750/1334
[Worker 9] Processing 760/1334
[Worker 9] Processing 770/1334
[Worker 9] Processing 780/1334
[Worker 9] Processing 790/1334
[Worker 9] Processing 800/1334
[Worker 9] Processing 810/1334
[Worker 9] Processing 820/1334
[Worker 9] Processing 830/1334
[Worker 9] Processing 840/1334
[Worker 9] Processing 850/1334
[Worker 9] Processing 860/1334
[Worker 9] Processing 870/1334
[Worker 9] Processing 880/1334
[Worker 9] Processing 890/1334
[Worker 9] Processing 900/1334
[Worker 9] Processing 910/1334
[Worker 9] Processing 920/1334
[Worker 9] Processing 930/1334
[Worker 9] Processing 940/1334
[Worker 9] Processing 950/1334
[Worker 9] Processing 960/1334
[Worker 9] Processing 970/1334
[Worker 9] Processing 980/1334
[Worker 9] Processing 990/1334
[Worker 9] Processing 1000/1334
# writing /mnt/beegfs02/scratch/a_morelli/model_training/handedness/png_resized_padded/train/worker9_shard-000001.tar 1000 0.1 GB 1000
[Worker 9] Processing 1010/1334
[Worker 9] Processing 1020/1334
[Worker 9] Processing 1030/1334
[Worker 9] Processing 1040/1334
[Worker 9] Processing 1050/1334
[Worker 9] Processing 1060/1334
[Worker 9] Processing 1070/1334
[Worker 9] Processing 1080/1334
[Worker 9] Processing 1090/1334
[Worker 9] Processing 1100/1334
[Worker 9] Processing 1110/1334
[Worker 9] Processing 1120/1334
[Worker 9] Processing 1130/1334
[Worker 9] Processing 1140/1334
[Worker 9] Processing 1150/1334
[Worker 9] Processing 1160/1334
[Worker 9] Processing 1170/1334
[Worker 9] Processing 1180/1334
[Worker 9] Processing 1190/1334
[Worker 9] Processing 1200/1334
[Worker 9] Processing 1210/1334
[Worker 9] Processing 1220/1334
[Worker 9] Processing 1230/1334
[Worker 9] Processing 1240/1334
[Worker 9] Processing 1250/1334
[Worker 9] Processing 1260/1334
[Worker 9] Processing 1270/1334
[Worker 9] Processing 1280/1334
[Worker 9] Processing 1290/1334
[Worker 9] Processing 1300/1334
[Worker 9] Processing 1310/1334
[Worker 9] Processing 1320/1334
[Worker 9] Processing 1330/1334
[Worker 9] Complete!
[Worker 11] Starting conversion of 1334 subjects...
# writing /mnt/beegfs02/scratch/a_morelli/model_training/handedness/png_resized_padded/train/worker11_shard-000000.tar 0 0.0 GB 0
[Worker 11] Processing 10/1334
[Worker 11] Processing 20/1334
[Worker 11] Processing 30/1334
[Worker 11] Processing 40/1334
[Worker 11] Processing 50/1334
[Worker 11] Processing 60/1334
[Worker 11] Processing 70/1334
[Worker 11] Processing 80/1334
[Worker 11] Processing 90/1334
[Worker 11] Processing 100/1334
[Worker 11] Processing 110/1334
[Worker 11] Processing 120/1334
[Worker 11] Processing 130/1334
[Worker 11] Processing 140/1334
[Worker 11] Processing 150/1334
[Worker 11] Processing 160/1334
[Worker 11] Processing 170/1334
[Worker 11] Processing 180/1334
[Worker 11] Processing 190/1334
[Worker 11] Processing 200/1334
[Worker 11] Processing 210/1334
[Worker 11] Processing 220/1334
[Worker 11] Processing 230/1334
[Worker 11] Processing 240/1334
[Worker 11] Processing 250/1334
[Worker 11] Processing 260/1334
[Worker 11] Processing 270/1334
[Worker 11] Processing 280/1334
[Worker 11] Processing 290/1334
[Worker 11] Processing 300/1334
[Worker 11] Processing 310/1334
[Worker 11] Processing 320/1334
[Worker 11] Processing 330/1334
[Worker 11] Processing 340/1334
[Worker 11] Processing 350/1334
[Worker 11] Processing 360/1334
[Worker 11] Processing 370/1334
[Worker 11] Processing 380/1334
[Worker 11] Processing 390/1334
[Worker 11] Processing 400/1334
[Worker 11] Processing 410/1334
[Worker 11] Processing 420/1334
[Worker 11] Processing 430/1334
[Worker 11] Processing 440/1334
[Worker 11] Processing 450/1334
[Worker 11] Processing 460/1334
[Worker 11] Processing 470/1334
[Worker 11] Processing 480/1334
[Worker 11] Processing 490/1334
[Worker 11] Processing 500/1334
[Worker 11] Processing 510/1334
[Worker 11] Processing 520/1334
[Worker 11] Processing 530/1334
[Worker 11] Processing 540/1334
[Worker 11] Processing 550/1334
[Worker 11] Processing 560/1334
[Worker 11] Processing 570/1334
[Worker 11] Processing 580/1334
[Worker 11] Processing 590/1334
[Worker 11] Processing 600/1334
[Worker 11] Processing 610/1334
[Worker 11] Processing 620/1334
[Worker 11] Processing 630/1334
[Worker 11] Processing 640/1334
[Worker 11] Processing 650/1334
[Worker 11] Processing 660/1334
[Worker 11] Processing 670/1334
[Worker 11] Processing 680/1334
[Worker 11] Processing 690/1334
[Worker 11] Processing 700/1334
[Worker 11] Processing 710/1334
[Worker 11] Processing 720/1334
[Worker 11] Processing 730/1334
[Worker 11] Processing 740/1334
[Worker 11] Processing 750/1334
[Worker 11] Processing 760/1334
[Worker 11] Processing 770/1334
[Worker 11] Processing 780/1334
[Worker 11] Processing 790/1334
[Worker 11] Processing 800/1334
[Worker 11] Processing 810/1334
[Worker 11] Processing 820/1334
[Worker 11] Processing 830/1334
[Worker 11] Processing 840/1334
[Worker 11] Processing 850/1334
[Worker 11] Processing 860/1334
[Worker 11] Processing 870/1334
[Worker 11] Processing 880/1334
[Worker 11] Processing 890/1334
[Worker 11] Processing 900/1334
[Worker 11] Processing 910/1334
[Worker 11] Processing 920/1334
[Worker 11] Processing 930/1334
[Worker 11] Processing 940/1334
[Worker 11] Processing 950/1334
[Worker 11] Processing 960/1334
[Worker 11] Processing 970/1334
[Worker 11] Processing 980/1334
[Worker 11] Processing 990/1334
[Worker 11] Processing 1000/1334
# writing /mnt/beegfs02/scratch/a_morelli/model_training/handedness/png_resized_padded/train/worker11_shard-000001.tar 1000 0.1 GB 1000
[Worker 11] Processing 1010/1334
[Worker 11] Processing 1020/1334
[Worker 11] Processing 1030/1334
[Worker 11] Processing 1040/1334
[Worker 11] Processing 1050/1334
[Worker 11] Processing 1060/1334
[Worker 11] Processing 1070/1334
[Worker 11] Processing 1080/1334
[Worker 11] Processing 1090/1334
[Worker 11] Processing 1100/1334
[Worker 11] Processing 1110/1334
[Worker 11] Processing 1120/1334
[Worker 11] Processing 1130/1334
[Worker 11] Processing 1140/1334
[Worker 11] Processing 1150/1334
[Worker 11] Processing 1160/1334
[Worker 11] Processing 1170/1334
[Worker 11] Processing 1180/1334
[Worker 11] Processing 1190/1334
[Worker 11] Processing 1200/1334
[Worker 11] Processing 1210/1334
[Worker 11] Processing 1220/1334
[Worker 11] Processing 1230/1334
[Worker 11] Processing 1240/1334
[Worker 11] Processing 1250/1334
[Worker 11] Processing 1260/1334
[Worker 11] Processing 1270/1334
[Worker 11] Processing 1280/1334
[Worker 11] Processing 1290/1334
[Worker 11] Processing 1300/1334
[Worker 11] Processing 1310/1334
[Worker 11] Processing 1320/1334
[Worker 11] Processing 1330/1334
[Worker 11] Complete!
[Worker 14] Starting conversion of 1334 subjects...
# writing /mnt/beegfs02/scratch/a_morelli/model_training/handedness/png_resized_padded/train/worker14_shard-000000.tar 0 0.0 GB 0
[Worker 14] Processing 10/1334
[Worker 14] Processing 20/1334
[Worker 14] Processing 30/1334
[Worker 14] Processing 40/1334
[Worker 14] Processing 50/1334
[Worker 14] Processing 60/1334
[Worker 14] Processing 70/1334
[Worker 14] Processing 80/1334
[Worker 14] Processing 90/1334
[Worker 14] Processing 100/1334
[Worker 14] Processing 110/1334
[Worker 14] Processing 120/1334
[Worker 14] Processing 130/1334
[Worker 14] Processing 140/1334
[Worker 14] Processing 150/1334
[Worker 14] Processing 160/1334
[Worker 14] Processing 170/1334
[Worker 14] Processing 180/1334
[Worker 14] Processing 190/1334
[Worker 14] Processing 200/1334
[Worker 14] Processing 210/1334
[Worker 14] Processing 220/1334
[Worker 14] Processing 230/1334
[Worker 14] Processing 240/1334
[Worker 14] Processing 250/1334
[Worker 14] Processing 260/1334
[Worker 14] Processing 270/1334
[Worker 14] Processing 280/1334
[Worker 14] Processing 290/1334
[Worker 14] Processing 300/1334
[Worker 14] Processing 310/1334
[Worker 14] Processing 320/1334
[Worker 14] Processing 330/1334
[Worker 14] Processing 340/1334
[Worker 14] Processing 350/1334
[Worker 14] Processing 360/1334
[Worker 14] Processing 370/1334
[Worker 14] Processing 380/1334
[Worker 14] Processing 390/1334
[Worker 14] Processing 400/1334
[Worker 14] Processing 410/1334
[Worker 14] Processing 420/1334
[Worker 14] Processing 430/1334
[Worker 14] Processing 440/1334
[Worker 14] Processing 450/1334
[Worker 14] Processing 460/1334
[Worker 14] Processing 470/1334
[Worker 14] Processing 480/1334
[Worker 14] Processing 490/1334
[Worker 14] Processing 500/1334
[Worker 14] Processing 510/1334
[Worker 14] Processing 520/1334
[Worker 14] Processing 530/1334
[Worker 14] Processing 540/1334
[Worker 14] Processing 550/1334
[Worker 14] Processing 560/1334
[Worker 14] Processing 570/1334
[Worker 14] Processing 580/1334
[Worker 14] Processing 590/1334
[Worker 14] Processing 600/1334
[Worker 14] Processing 610/1334
[Worker 14] Processing 620/1334
[Worker 14] Processing 630/1334
[Worker 14] Processing 640/1334
[Worker 14] Processing 650/1334
[Worker 14] Processing 660/1334
[Worker 14] Processing 670/1334
[Worker 14] Processing 680/1334
[Worker 14] Processing 690/1334
[Worker 14] Processing 700/1334
[Worker 14] Processing 710/1334
[Worker 14] Processing 720/1334
[Worker 14] Processing 730/1334
[Worker 14] Processing 740/1334
[Worker 14] Processing 750/1334
[Worker 14] Processing 760/1334
[Worker 14] Processing 770/1334
[Worker 14] Processing 780/1334
[Worker 14] Processing 790/1334
[Worker 14] Processing 800/1334
[Worker 14] Processing 810/1334
[Worker 14] Processing 820/1334
[Worker 14] Processing 830/1334
[Worker 14] Processing 840/1334
[Worker 14] Processing 850/1334
[Worker 14] Processing 860/1334
[Worker 14] Processing 870/1334
[Worker 14] Processing 880/1334
[Worker 14] Processing 890/1334
[Worker 14] Processing 900/1334
[Worker 14] Processing 910/1334
[Worker 14] Processing 920/1334
[Worker 14] Processing 930/1334
[Worker 14] Processing 940/1334
[Worker 14] Processing 950/1334
[Worker 14] Processing 960/1334
[Worker 14] Processing 970/1334
[Worker 14] Processing 980/1334
[Worker 14] Processing 990/1334
[Worker 14] Processing 1000/1334
# writing /mnt/beegfs02/scratch/a_morelli/model_training/handedness/png_resized_padded/train/worker14_shard-000001.tar 1000 0.1 GB 1000
[Worker 14] Processing 1010/1334
[Worker 14] Processing 1020/1334
[Worker 14] Processing 1030/1334
[Worker 14] Processing 1040/1334
[Worker 14] Processing 1050/1334
[Worker 14] Processing 1060/1334
[Worker 14] Processing 1070/1334
[Worker 14] Processing 1080/1334
[Worker 14] Processing 1090/1334
[Worker 14] Processing 1100/1334
[Worker 14] Processing 1110/1334
[Worker 14] Processing 1120/1334
[Worker 14] Processing 1130/1334
[Worker 14] Processing 1140/1334
[Worker 14] Processing 1150/1334
[Worker 14] Processing 1160/1334
[Worker 14] Processing 1170/1334
[Worker 14] Processing 1180/1334
[Worker 14] Processing 1190/1334
[Worker 14] Processing 1200/1334
[Worker 14] Processing 1210/1334
[Worker 14] Processing 1220/1334
[Worker 14] Processing 1230/1334
[Worker 14] Processing 1240/1334
[Worker 14] Processing 1250/1334
[Worker 14] Processing 1260/1334
[Worker 14] Processing 1270/1334
[Worker 14] Processing 1280/1334
[Worker 14] Processing 1290/1334
[Worker 14] Processing 1300/1334
[Worker 14] Processing 1310/1334
[Worker 14] Processing 1320/1334
[Worker 14] Processing 1330/1334
[Worker 14] Complete!
[Worker 23] Starting conversion of 1334 subjects...
# writing /mnt/beegfs02/scratch/a_morelli/model_training/handedness/png_resized_padded/train/worker23_shard-000000.tar 0 0.0 GB 0
[Worker 23] Processing 10/1334
[Worker 23] Processing 20/1334
[Worker 23] Processing 30/1334
[Worker 23] Processing 40/1334
[Worker 23] Processing 50/1334
[Worker 23] Processing 60/1334
[Worker 23] Processing 70/1334
[Worker 23] Processing 80/1334
[Worker 23] Processing 90/1334
[Worker 23] Processing 100/1334
[Worker 23] Processing 110/1334
[Worker 23] Processing 120/1334
[Worker 23] Processing 130/1334
[Worker 23] Processing 140/1334
[Worker 23] Processing 150/1334
[Worker 23] Processing 160/1334
[Worker 23] Processing 170/1334
[Worker 23] Processing 180/1334
[Worker 23] Processing 190/1334
[Worker 23] Processing 200/1334
[Worker 23] Processing 210/1334
[Worker 23] Processing 220/1334
[Worker 23] Processing 230/1334
[Worker 23] Processing 240/1334
[Worker 23] Processing 250/1334
[Worker 23] Processing 260/1334
[Worker 23] Processing 270/1334
[Worker 23] Processing 280/1334
[Worker 23] Processing 290/1334
[Worker 23] Processing 300/1334
[Worker 23] Processing 310/1334
[Worker 23] Processing 320/1334
[Worker 23] Processing 330/1334
[Worker 23] Processing 340/1334
[Worker 23] Processing 350/1334
[Worker 23] Processing 360/1334
[Worker 23] Processing 370/1334
[Worker 23] Processing 380/1334
[Worker 23] Processing 390/1334
[Worker 23] Processing 400/1334
[Worker 23] Processing 410/1334
[Worker 23] Processing 420/1334
[Worker 23] Processing 430/1334
[Worker 23] Processing 440/1334
[Worker 23] Processing 450/1334
[Worker 23] Processing 460/1334
[Worker 23] Processing 470/1334
[Worker 23] Processing 480/1334
[Worker 23] Processing 490/1334
[Worker 23] Processing 500/1334
[Worker 23] Processing 510/1334
[Worker 23] Processing 520/1334
[Worker 23] Processing 530/1334
[Worker 23] Processing 540/1334
[Worker 23] Processing 550/1334
[Worker 23] Processing 560/1334
[Worker 23] Processing 570/1334
[Worker 23] Processing 580/1334
[Worker 23] Processing 590/1334
[Worker 23] Processing 600/1334
[Worker 23] Processing 610/1334
[Worker 23] Processing 620/1334
[Worker 23] Processing 630/1334
[Worker 23] Processing 640/1334
[Worker 23] Processing 650/1334
[Worker 23] Processing 660/1334
[Worker 23] Processing 670/1334
[Worker 23] Processing 680/1334
[Worker 23] Processing 690/1334
[Worker 23] Processing 700/1334
[Worker 23] Processing 710/1334
[Worker 23] Processing 720/1334
[Worker 23] Processing 730/1334
[Worker 23] Processing 740/1334
[Worker 23] Processing 750/1334
[Worker 23] Processing 760/1334
[Worker 23] Processing 770/1334
[Worker 23] Processing 780/1334
[Worker 23] Processing 790/1334
[Worker 23] Processing 800/1334
[Worker 23] Processing 810/1334
[Worker 23] Processing 820/1334
[Worker 23] Processing 830/1334
[Worker 23] Processing 840/1334
[Worker 23] Processing 850/1334
[Worker 23] Processing 860/1334
[Worker 23] Processing 870/1334
[Worker 23] Processing 880/1334
[Worker 23] Processing 890/1334
[Worker 23] Processing 900/1334
[Worker 23] Processing 910/1334
[Worker 23] Processing 920/1334
[Worker 23] Processing 930/1334
[Worker 23] Processing 940/1334
[Worker 23] Processing 950/1334
[Worker 23] Processing 960/1334
[Worker 23] Processing 970/1334
[Worker 23] Processing 980/1334
[Worker 23] Processing 990/1334
[Worker 23] Processing 1000/1334
# writing /mnt/beegfs02/scratch/a_morelli/model_training/handedness/png_resized_padded/train/worker23_shard-000001.tar 1000 0.1 GB 1000
[Worker 23] Processing 1010/1334
[Worker 23] Processing 1020/1334
[Worker 23] Processing 1030/1334
[Worker 23] Processing 1040/1334
[Worker 23] Processing 1050/1334
[Worker 23] Processing 1060/1334
[Worker 23] Processing 1070/1334
[Worker 23] Processing 1080/1334
[Worker 23] Processing 1090/1334
[Worker 23] Processing 1100/1334
[Worker 23] Processing 1110/1334
[Worker 23] Processing 1120/1334
[Worker 23] Processing 1130/1334
[Worker 23] Processing 1140/1334
[Worker 23] Processing 1150/1334
[Worker 23] Processing 1160/1334
[Worker 23] Processing 1170/1334
[Worker 23] Processing 1180/1334
[Worker 23] Processing 1190/1334
[Worker 23] Processing 1200/1334
[Worker 23] Processing 1210/1334
[Worker 23] Processing 1220/1334
[Worker 23] Processing 1230/1334
[Worker 23] Processing 1240/1334
[Worker 23] Processing 1250/1334
[Worker 23] Processing 1260/1334
[Worker 23] Processing 1270/1334
[Worker 23] Processing 1280/1334
[Worker 23] Processing 1290/1334
[Worker 23] Processing 1300/1334
[Worker 23] Processing 1310/1334
[Worker 23] Processing 1320/1334
[Worker 23] Processing 1330/1334
[Worker 23] Complete!
[Worker 26] Starting conversion of 1334 subjects...
# writing /mnt/beegfs02/scratch/a_morelli/model_training/handedness/png_resized_padded/train/worker26_shard-000000.tar 0 0.0 GB 0
[Worker 26] Processing 10/1334
[Worker 26] Processing 20/1334
[Worker 26] Processing 30/1334
[Worker 26] Processing 40/1334
[Worker 26] Processing 50/1334
[Worker 26] Processing 60/1334
[Worker 26] Processing 70/1334
[Worker 26] Processing 80/1334
[Worker 26] Processing 90/1334
[Worker 26] Processing 100/1334
[Worker 26] Processing 110/1334
[Worker 26] Processing 120/1334
[Worker 26] Processing 130/1334
[Worker 26] Processing 140/1334
[Worker 26] Processing 150/1334
[Worker 26] Processing 160/1334
[Worker 26] Processing 170/1334
[Worker 26] Processing 180/1334
[Worker 26] Processing 190/1334
[Worker 26] Processing 200/1334
[Worker 26] Processing 210/1334
[Worker 26] Processing 220/1334
[Worker 26] Processing 230/1334
[Worker 26] Processing 240/1334
[Worker 26] Processing 250/1334
[Worker 26] Processing 260/1334
[Worker 26] Processing 270/1334
[Worker 26] Processing 280/1334
[Worker 26] Processing 290/1334
[Worker 26] Processing 300/1334
[Worker 26] Processing 310/1334
[Worker 26] Processing 320/1334
[Worker 26] Processing 330/1334
[Worker 26] Processing 340/1334
[Worker 26] Processing 350/1334
[Worker 26] Processing 360/1334
[Worker 26] Processing 370/1334
[Worker 26] Processing 380/1334
[Worker 26] Processing 390/1334
[Worker 26] Processing 400/1334
[Worker 26] Processing 410/1334
[Worker 26] Processing 420/1334
[Worker 26] Processing 430/1334
[Worker 26] Processing 440/1334
[Worker 26] Processing 450/1334
[Worker 26] Processing 460/1334
[Worker 26] Processing 470/1334
[Worker 26] Processing 480/1334
[Worker 26] Processing 490/1334
[Worker 26] Processing 500/1334
[Worker 26] Processing 510/1334
[Worker 26] Processing 520/1334
[Worker 26] Processing 530/1334
[Worker 26] Processing 540/1334
[Worker 26] Processing 550/1334
[Worker 26] Processing 560/1334
[Worker 26] Processing 570/1334
[Worker 26] Processing 580/1334
[Worker 26] Processing 590/1334
[Worker 26] Processing 600/1334
[Worker 26] Processing 610/1334
[Worker 26] Processing 620/1334
[Worker 26] Processing 630/1334
[Worker 26] Processing 640/1334
[Worker 26] Processing 650/1334
[Worker 26] Processing 660/1334
[Worker 26] Processing 670/1334
[Worker 26] Processing 680/1334
[Worker 26] Processing 690/1334
[Worker 26] Processing 700/1334
[Worker 26] Processing 710/1334
[Worker 26] Processing 720/1334
[Worker 26] Processing 730/1334
[Worker 26] Processing 740/1334
[Worker 26] Processing 750/1334
[Worker 26] Processing 760/1334
[Worker 26] Processing 770/1334
[Worker 26] Processing 780/1334
[Worker 26] Processing 790/1334
[Worker 26] Processing 800/1334
[Worker 26] Processing 810/1334
[Worker 26] Processing 820/1334
[Worker 26] Processing 830/1334
[Worker 26] Processing 840/1334
[Worker 26] Processing 850/1334
[Worker 26] Processing 860/1334
[Worker 26] Processing 870/1334
[Worker 26] Processing 880/1334
[Worker 26] Processing 890/1334
[Worker 26] Processing 900/1334
[Worker 26] Processing 910/1334
[Worker 26] Processing 920/1334
[Worker 26] Processing 930/1334
[Worker 26] Processing 940/1334
[Worker 26] Processing 950/1334
[Worker 26] Processing 960/1334
[Worker 26] Processing 970/1334
[Worker 26] Processing 980/1334
[Worker 26] Processing 990/1334
[Worker 26] Processing 1000/1334
# writing /mnt/beegfs02/scratch/a_morelli/model_training/handedness/png_resized_padded/train/worker26_shard-000001.tar 1000 0.1 GB 1000
[Worker 26] Processing 1010/1334
[Worker 26] Processing 1020/1334
[Worker 26] Processing 1030/1334
[Worker 26] Processing 1040/1334
[Worker 26] Processing 1050/1334
[Worker 26] Processing 1060/1334
[Worker 26] Processing 1070/1334
[Worker 26] Processing 1080/1334
[Worker 26] Processing 1090/1334
[Worker 26] Processing 1100/1334
[Worker 26] Processing 1110/1334
[Worker 26] Processing 1120/1334
[Worker 26] Processing 1130/1334
[Worker 26] Processing 1140/1334
[Worker 26] Processing 1150/1334
[Worker 26] Processing 1160/1334
[Worker 26] Processing 1170/1334
[Worker 26] Processing 1180/1334
[Worker 26] Processing 1190/1334
[Worker 26] Processing 1200/1334
[Worker 26] Processing 1210/1334
[Worker 26] Processing 1220/1334
[Worker 26] Processing 1230/1334
[Worker 26] Processing 1240/1334
[Worker 26] Processing 1250/1334
[Worker 26] Processing 1260/1334
[Worker 26] Processing 1270/1334
[Worker 26] Processing 1280/1334
[Worker 26] Processing 1290/1334
[Worker 26] Processing 1300/1334
[Worker 26] Processing 1310/1334
[Worker 26] Processing 1320/1334
[Worker 26] Processing 1330/1334
[Worker 26] Complete!
==================================================
🔍 Inspecting: /mnt/beegfs02/scratch/a_morelli/model_training/handedness/png_resized_padded/train/worker3_shard-000001.tar
==================================================

[Test 1] Raw Tar Archive Contents (First 15 files):
  - F2K5F7V5.json (37 bytes)
  - F2K5F7V5.q5.X.png (36844 bytes)
  - F2K5F7V5.q5.hand.png (23683 bytes)
  - F2K5F7V5.q5.number_random.png (42212 bytes)
  - H1Z9T1V8.json (37 bytes)
  - H1Z9T1V8.q5.X.png (39057 bytes)
  - H1Z9T1V8.q5.hand.png (26361 bytes)
  - H1Z9T1V8.q5.number_random.png (35331 bytes)
  - F3J9G5U7.json (37 bytes)
  - F3J9G5U7.q5.X.png (31825 bytes)
  - F3J9G5U7.q5.hand.png (28509 bytes)
  - F3J9G5U7.q5.number_random.png (31923 bytes)
  - B5Q7B6L4.json (37 bytes)
  - B5Q7B6L4.q5.X.png (32445 bytes)
  - B5Q7B6L4.q5.hand.png (13492 bytes)
  ... and 1307 more files.

[Test 2] WebDataset Dictionary Grouping:
✅ Successfully loaded Sample Key: F2K5F7V5
  - json: {'subject': 'F2K5F7V5', 'label': 0.0}
  - q5.x.png: Valid Image -> Tensor Shape: [3, 224, 224]
  - q5.hand.png: Valid Image -> Tensor Shape: [3, 224, 224]
  - q5.number_random.png: Valid Image -> Tensor Shape: [3, 224, 224]
--- Slurm Task 0/0 ---
Total dataset size: 4742
Assigned to this node: 4742 subjects (indices 0 to 4741)
Using 32 local CPUs/Workers
[Worker 31] Starting conversion of 123 subjects...
# writing /mnt/beegfs02/scratch/a_morelli/model_training/handedness/png_resized_padded/val/worker31_shard-000000.tar 0 0.0 GB 0
[Worker 31] Processing 10/123
[Worker 31] Processing 20/123
[Worker 31] Processing 30/123
[Worker 31] Processing 40/123
[Worker 31] Processing 50/123
[Worker 31] Processing 60/123
[Worker 31] Processing 70/123
[Worker 31] Processing 80/123
[Worker 31] Processing 90/123
[Worker 31] Processing 100/123
[Worker 31] Processing 110/123
[Worker 31] Processing 120/123
[Worker 31] Complete!
[Worker 2] Starting conversion of 149 subjects...
# writing /mnt/beegfs02/scratch/a_morelli/model_training/handedness/png_resized_padded/val/worker2_shard-000000.tar 0 0.0 GB 0
[Worker 2] Processing 10/149
[Worker 2] Processing 20/149
[Worker 2] Processing 30/149
[Worker 2] Processing 40/149
[Worker 2] Processing 50/149
[Worker 2] Processing 60/149
[Worker 2] Processing 70/149
[Worker 2] Processing 80/149
[Worker 2] Processing 90/149
[Worker 2] Processing 100/149
[Worker 2] Processing 110/149
[Worker 2] Processing 120/149
[Worker 2] Processing 130/149
[Worker 2] Processing 140/149
[Worker 2] Complete!
[Worker 24] Starting conversion of 149 subjects...
# writing /mnt/beegfs02/scratch/a_morelli/model_training/handedness/png_resized_padded/val/worker24_shard-000000.tar 0 0.0 GB 0
[Worker 24] Processing 10/149
[Worker 24] Processing 20/149
[Worker 24] Processing 30/149
[Worker 24] Processing 40/149
[Worker 24] Processing 50/149
[Worker 24] Processing 60/149
[Worker 24] Processing 70/149
[Worker 24] Processing 80/149
[Worker 24] Processing 90/149
[Worker 24] Processing 100/149
[Worker 24] Processing 110/149
[Worker 24] Processing 120/149
[Worker 24] Processing 130/149
[Worker 24] Processing 140/149
[Worker 24] Complete!
[Worker 11] Starting conversion of 149 subjects...
# writing /mnt/beegfs02/scratch/a_morelli/model_training/handedness/png_resized_padded/val/worker11_shard-000000.tar 0 0.0 GB 0
[Worker 11] Processing 10/149
[Worker 11] Processing 20/149
[Worker 11] Processing 30/149
[Worker 11] Processing 40/149
[Worker 11] Processing 50/149
[Worker 11] Processing 60/149
[Worker 11] Processing 70/149
[Worker 11] Processing 80/149
[Worker 11] Processing 90/149
[Worker 11] Processing 100/149
[Worker 11] Processing 110/149
[Worker 11] Processing 120/149
[Worker 11] Processing 130/149
[Worker 11] Processing 140/149
[Worker 11] Complete!
[Worker 20] Starting conversion of 149 subjects...
# writing /mnt/beegfs02/scratch/a_morelli/model_training/handedness/png_resized_padded/val/worker20_shard-000000.tar 0 0.0 GB 0
[Worker 20] Processing 10/149
[Worker 20] Processing 20/149
[Worker 20] Processing 30/149
[Worker 20] Processing 40/149
[Worker 20] Processing 50/149
[Worker 20] Processing 60/149
[Worker 20] Processing 70/149
[Worker 20] Processing 80/149
[Worker 20] Processing 90/149
[Worker 20] Processing 100/149
[Worker 20] Processing 110/149
[Worker 20] Processing 120/149
[Worker 20] Processing 130/149
[Worker 20] Processing 140/149
[Worker 20] Complete!
[Worker 7] Starting conversion of 149 subjects...
# writing /mnt/beegfs02/scratch/a_morelli/model_training/handedness/png_resized_padded/val/worker7_shard-000000.tar 0 0.0 GB 0
[Worker 7] Processing 10/149
[Worker 7] Processing 20/149
[Worker 7] Processing 30/149
[Worker 7] Processing 40/149
[Worker 7] Processing 50/149
[Worker 7] Processing 60/149
[Worker 7] Processing 70/149
[Worker 7] Processing 80/149
[Worker 7] Processing 90/149
[Worker 7] Processing 100/149
[Worker 7] Processing 110/149
[Worker 7] Processing 120/149
[Worker 7] Processing 130/149
[Worker 7] Processing 140/149
[Worker 7] Complete!
[Worker 19] Starting conversion of 149 subjects...
# writing /mnt/beegfs02/scratch/a_morelli/model_training/handedness/png_resized_padded/val/worker19_shard-000000.tar 0 0.0 GB 0
[Worker 19] Processing 10/149
[Worker 19] Processing 20/149
[Worker 19] Processing 30/149
[Worker 19] Processing 40/149
[Worker 19] Processing 50/149
[Worker 19] Processing 60/149
[Worker 19] Processing 70/149
[Worker 19] Processing 80/149
[Worker 19] Processing 90/149
[Worker 19] Processing 100/149
[Worker 19] Processing 110/149
[Worker 19] Processing 120/149
[Worker 19] Processing 130/149
[Worker 19] Processing 140/149
[Worker 19] Complete!
[Worker 16] Starting conversion of 149 subjects...
# writing /mnt/beegfs02/scratch/a_morelli/model_training/handedness/png_resized_padded/val/worker16_shard-000000.tar 0 0.0 GB 0
[Worker 16] Processing 10/149
[Worker 16] Processing 20/149
[Worker 16] Processing 30/149
[Worker 16] Processing 40/149
[Worker 16] Processing 50/149
[Worker 16] Processing 60/149
[Worker 16] Processing 70/149
[Worker 16] Processing 80/149
[Worker 16] Processing 90/149
[Worker 16] Processing 100/149
[Worker 16] Processing 110/149
[Worker 16] Processing 120/149
[Worker 16] Processing 130/149
[Worker 16] Processing 140/149
[Worker 16] Complete!
[Worker 10] Starting conversion of 149 subjects...
# writing /mnt/beegfs02/scratch/a_morelli/model_training/handedness/png_resized_padded/val/worker10_shard-000000.tar 0 0.0 GB 0
[Worker 10] Processing 10/149
[Worker 10] Processing 20/149
[Worker 10] Processing 30/149
[Worker 10] Processing 40/149
[Worker 10] Processing 50/149
[Worker 10] Processing 60/149
[Worker 10] Processing 70/149
[Worker 10] Processing 80/149
[Worker 10] Processing 90/149
[Worker 10] Processing 100/149
[Worker 10] Processing 110/149
[Worker 10] Processing 120/149
[Worker 10] Processing 130/149
[Worker 10] Processing 140/149
[Worker 10] Complete!
[Worker 4] Starting conversion of 149 subjects...
# writing /mnt/beegfs02/scratch/a_morelli/model_training/handedness/png_resized_padded/val/worker4_shard-000000.tar 0 0.0 GB 0
[Worker 4] Processing 10/149
[Worker 4] Processing 20/149
[Worker 4] Processing 30/149
[Worker 4] Processing 40/149
[Worker 4] Processing 50/149
[Worker 4] Processing 60/149
[Worker 4] Processing 70/149
[Worker 4] Processing 80/149
[Worker 4] Processing 90/149
[Worker 4] Processing 100/149
[Worker 4] Processing 110/149
[Worker 4] Processing 120/149
[Worker 4] Processing 130/149
[Worker 4] Processing 140/149
[Worker 4] Complete!
[Worker 21] Starting conversion of 149 subjects...
# writing /mnt/beegfs02/scratch/a_morelli/model_training/handedness/png_resized_padded/val/worker21_shard-000000.tar 0 0.0 GB 0
[Worker 21] Processing 10/149
[Worker 21] Processing 20/149
[Worker 21] Processing 30/149
[Worker 21] Processing 40/149
[Worker 21] Processing 50/149
[Worker 21] Processing 60/149
[Worker 21] Processing 70/149
[Worker 21] Processing 80/149
[Worker 21] Processing 90/149
[Worker 21] Processing 100/149
[Worker 21] Processing 110/149
[Worker 21] Processing 120/149
[Worker 21] Processing 130/149
[Worker 21] Processing 140/149
[Worker 21] Complete!
[Worker 26] Starting conversion of 149 subjects...
# writing /mnt/beegfs02/scratch/a_morelli/model_training/handedness/png_resized_padded/val/worker26_shard-000000.tar 0 0.0 GB 0
[Worker 26] Processing 10/149
[Worker 26] Processing 20/149
[Worker 26] Processing 30/149
[Worker 26] Processing 40/149
[Worker 26] Processing 50/149
[Worker 26] Processing 60/149
[Worker 26] Processing 70/149
[Worker 26] Processing 80/149
[Worker 26] Processing 90/149
[Worker 26] Processing 100/149
[Worker 26] Processing 110/149
[Worker 26] Processing 120/149
[Worker 26] Processing 130/149
[Worker 26] Processing 140/149
[Worker 26] Complete!
[Worker 15] Starting conversion of 149 subjects...
# writing /mnt/beegfs02/scratch/a_morelli/model_training/handedness/png_resized_padded/val/worker15_shard-000000.tar 0 0.0 GB 0
[Worker 15] Processing 10/149
[Worker 15] Processing 20/149
[Worker 15] Processing 30/149
[Worker 15] Processing 40/149
[Worker 15] Processing 50/149
[Worker 15] Processing 60/149
[Worker 15] Processing 70/149
[Worker 15] Processing 80/149
[Worker 15] Processing 90/149
[Worker 15] Processing 100/149
[Worker 15] Processing 110/149
[Worker 15] Processing 120/149
[Worker 15] Processing 130/149
[Worker 15] Processing 140/149
[Worker 15] Complete!
[Worker 12] Starting conversion of 149 subjects...
# writing /mnt/beegfs02/scratch/a_morelli/model_training/handedness/png_resized_padded/val/worker12_shard-000000.tar 0 0.0 GB 0
[Worker 12] Processing 10/149
[Worker 12] Processing 20/149
[Worker 12] Processing 30/149
[Worker 12] Processing 40/149
[Worker 12] Processing 50/149
[Worker 12] Processing 60/149
[Worker 12] Processing 70/149
[Worker 12] Processing 80/149
[Worker 12] Processing 90/149
[Worker 12] Processing 100/149
[Worker 12] Processing 110/149
[Worker 12] Processing 120/149
[Worker 12] Processing 130/149
[Worker 12] Processing 140/149
[Worker 12] Complete!
[Worker 3] Starting conversion of 149 subjects...
# writing /mnt/beegfs02/scratch/a_morelli/model_training/handedness/png_resized_padded/val/worker3_shard-000000.tar 0 0.0 GB 0
[Worker 3] Processing 10/149
[Worker 3] Processing 20/149
[Worker 3] Processing 30/149
[Worker 3] Processing 40/149
[Worker 3] Processing 50/149
[Worker 3] Processing 60/149
[Worker 3] Processing 70/149
[Worker 3] Processing 80/149
[Worker 3] Processing 90/149
[Worker 3] Processing 100/149
[Worker 3] Processing 110/149
[Worker 3] Processing 120/149
[Worker 3] Processing 130/149
[Worker 3] Processing 140/149
[Worker 3] Complete!
[Worker 22] Starting conversion of 149 subjects...
# writing /mnt/beegfs02/scratch/a_morelli/model_training/handedness/png_resized_padded/val/worker22_shard-000000.tar 0 0.0 GB 0
[Worker 22] Processing 10/149
[Worker 22] Processing 20/149
[Worker 22] Processing 30/149
[Worker 22] Processing 40/149
[Worker 22] Processing 50/149
[Worker 22] Processing 60/149
[Worker 22] Processing 70/149
[Worker 22] Processing 80/149
[Worker 22] Processing 90/149
[Worker 22] Processing 100/149
[Worker 22] Processing 110/149
[Worker 22] Processing 120/149
[Worker 22] Processing 130/149
[Worker 22] Processing 140/149
[Worker 22] Complete!
[Worker 8] Starting conversion of 149 subjects...
# writing /mnt/beegfs02/scratch/a_morelli/model_training/handedness/png_resized_padded/val/worker8_shard-000000.tar 0 0.0 GB 0
[Worker 8] Processing 10/149
[Worker 8] Processing 20/149
[Worker 8] Processing 30/149
[Worker 8] Processing 40/149
[Worker 8] Processing 50/149
[Worker 8] Processing 60/149
[Worker 8] Processing 70/149
[Worker 8] Processing 80/149
[Worker 8] Processing 90/149
[Worker 8] Processing 100/149
[Worker 8] Processing 110/149
[Worker 8] Processing 120/149
[Worker 8] Processing 130/149
[Worker 8] Processing 140/149
[Worker 8] Complete!
[Worker 13] Starting conversion of 149 subjects...
# writing /mnt/beegfs02/scratch/a_morelli/model_training/handedness/png_resized_padded/val/worker13_shard-000000.tar 0 0.0 GB 0
[Worker 13] Processing 10/149
[Worker 13] Processing 20/149
[Worker 13] Processing 30/149
[Worker 13] Processing 40/149
[Worker 13] Processing 50/149
[Worker 13] Processing 60/149
[Worker 13] Processing 70/149
[Worker 13] Processing 80/149
[Worker 13] Processing 90/149
[Worker 13] Processing 100/149
[Worker 13] Processing 110/149
[Worker 13] Processing 120/149
[Worker 13] Processing 130/149
[Worker 13] Processing 140/149
[Worker 13] Complete!
[Worker 29] Starting conversion of 149 subjects...
# writing /mnt/beegfs02/scratch/a_morelli/model_training/handedness/png_resized_padded/val/worker29_shard-000000.tar 0 0.0 GB 0
[Worker 29] Processing 10/149
[Worker 29] Processing 20/149
[Worker 29] Processing 30/149
[Worker 29] Processing 40/149
[Worker 29] Processing 50/149
[Worker 29] Processing 60/149
[Worker 29] Processing 70/149
[Worker 29] Processing 80/149
[Worker 29] Processing 90/149
[Worker 29] Processing 100/149
[Worker 29] Processing 110/149
[Worker 29] Processing 120/149
[Worker 29] Processing 130/149
[Worker 29] Processing 140/149
[Worker 29] Complete!
[Worker 6] Starting conversion of 149 subjects...
# writing /mnt/beegfs02/scratch/a_morelli/model_training/handedness/png_resized_padded/val/worker6_shard-000000.tar 0 0.0 GB 0
[Worker 6] Processing 10/149
[Worker 6] Processing 20/149
[Worker 6] Processing 30/149
[Worker 6] Processing 40/149
[Worker 6] Processing 50/149
[Worker 6] Processing 60/149
[Worker 6] Processing 70/149
[Worker 6] Processing 80/149
[Worker 6] Processing 90/149
[Worker 6] Processing 100/149
[Worker 6] Processing 110/149
[Worker 6] Processing 120/149
[Worker 6] Processing 130/149
[Worker 6] Processing 140/149
[Worker 6] Complete!
[Worker 27] Starting conversion of 149 subjects...
# writing /mnt/beegfs02/scratch/a_morelli/model_training/handedness/png_resized_padded/val/worker27_shard-000000.tar 0 0.0 GB 0
[Worker 27] Processing 10/149
[Worker 27] Processing 20/149
[Worker 27] Processing 30/149
[Worker 27] Processing 40/149
[Worker 27] Processing 50/149
[Worker 27] Processing 60/149
[Worker 27] Processing 70/149
[Worker 27] Processing 80/149
[Worker 27] Processing 90/149
[Worker 27] Processing 100/149
[Worker 27] Processing 110/149
[Worker 27] Processing 120/149
[Worker 27] Processing 130/149
[Worker 27] Processing 140/149
[Worker 27] Complete!
[Worker 9] Starting conversion of 149 subjects...
# writing /mnt/beegfs02/scratch/a_morelli/model_training/handedness/png_resized_padded/val/worker9_shard-000000.tar 0 0.0 GB 0
[Worker 9] Processing 10/149
[Worker 9] Processing 20/149
[Worker 9] Processing 30/149
[Worker 9] Processing 40/149
[Worker 9] Processing 50/149
[Worker 9] Processing 60/149
[Worker 9] Processing 70/149
[Worker 9] Processing 80/149
[Worker 9] Processing 90/149
[Worker 9] Processing 100/149
[Worker 9] Processing 110/149
[Worker 9] Processing 120/149
[Worker 9] Processing 130/149
[Worker 9] Processing 140/149
[Worker 9] Complete!
[Worker 23] Starting conversion of 149 subjects...
# writing /mnt/beegfs02/scratch/a_morelli/model_training/handedness/png_resized_padded/val/worker23_shard-000000.tar 0 0.0 GB 0
[Worker 23] Processing 10/149
[Worker 23] Processing 20/149
[Worker 23] Processing 30/149
[Worker 23] Processing 40/149
[Worker 23] Processing 50/149
[Worker 23] Processing 60/149
[Worker 23] Processing 70/149
[Worker 23] Processing 80/149
[Worker 23] Processing 90/149
[Worker 23] Processing 100/149
[Worker 23] Processing 110/149
[Worker 23] Processing 120/149
[Worker 23] Processing 130/149
[Worker 23] Processing 140/149
[Worker 23] Complete!
[Worker 1] Starting conversion of 149 subjects...
# writing /mnt/beegfs02/scratch/a_morelli/model_training/handedness/png_resized_padded/val/worker1_shard-000000.tar 0 0.0 GB 0
[Worker 1] Processing 10/149
[Worker 1] Processing 20/149
[Worker 1] Processing 30/149
[Worker 1] Processing 40/149
[Worker 1] Processing 50/149
[Worker 1] Processing 60/149
[Worker 1] Processing 70/149
[Worker 1] Processing 80/149
[Worker 1] Processing 90/149
[Worker 1] Processing 100/149
[Worker 1] Processing 110/149
[Worker 1] Processing 120/149
[Worker 1] Processing 130/149
[Worker 1] Processing 140/149
[Worker 1] Complete!
[Worker 14] Starting conversion of 149 subjects...
# writing /mnt/beegfs02/scratch/a_morelli/model_training/handedness/png_resized_padded/val/worker14_shard-000000.tar 0 0.0 GB 0
[Worker 14] Processing 10/149
[Worker 14] Processing 20/149
[Worker 14] Processing 30/149
[Worker 14] Processing 40/149
[Worker 14] Processing 50/149
[Worker 14] Processing 60/149
[Worker 14] Processing 70/149
[Worker 14] Processing 80/149
[Worker 14] Processing 90/149
[Worker 14] Processing 100/149
[Worker 14] Processing 110/149
[Worker 14] Processing 120/149
[Worker 14] Processing 130/149
[Worker 14] Processing 140/149
[Worker 14] Complete!
[Worker 28] Starting conversion of 149 subjects...
# writing /mnt/beegfs02/scratch/a_morelli/model_training/handedness/png_resized_padded/val/worker28_shard-000000.tar 0 0.0 GB 0
[Worker 28] Processing 10/149
[Worker 28] Processing 20/149
[Worker 28] Processing 30/149
[Worker 28] Processing 40/149
[Worker 28] Processing 50/149
[Worker 28] Processing 60/149
[Worker 28] Processing 70/149
[Worker 28] Processing 80/149
[Worker 28] Processing 90/149
[Worker 28] Processing 100/149
[Worker 28] Processing 110/149
[Worker 28] Processing 120/149
[Worker 28] Processing 130/149
[Worker 28] Processing 140/149
[Worker 28] Complete!
[Worker 30] Starting conversion of 149 subjects...
# writing /mnt/beegfs02/scratch/a_morelli/model_training/handedness/png_resized_padded/val/worker30_shard-000000.tar 0 0.0 GB 0
[Worker 30] Processing 10/149
[Worker 30] Processing 20/149
[Worker 30] Processing 30/149
[Worker 30] Processing 40/149
[Worker 30] Processing 50/149
[Worker 30] Processing 60/149
[Worker 30] Processing 70/149
[Worker 30] Processing 80/149
[Worker 30] Processing 90/149
[Worker 30] Processing 100/149
[Worker 30] Processing 110/149
[Worker 30] Processing 120/149
[Worker 30] Processing 130/149
[Worker 30] Processing 140/149
[Worker 30] Complete!
[Worker 0] Starting conversion of 149 subjects...
# writing /mnt/beegfs02/scratch/a_morelli/model_training/handedness/png_resized_padded/val/worker0_shard-000000.tar 0 0.0 GB 0
[Worker 0] Processing 10/149
[Worker 0] Processing 20/149
[Worker 0] Processing 30/149
[Worker 0] Processing 40/149
[Worker 0] Processing 50/149
[Worker 0] Processing 60/149
[Worker 0] Processing 70/149
[Worker 0] Processing 80/149
[Worker 0] Processing 90/149
[Worker 0] Processing 100/149
[Worker 0] Processing 110/149
[Worker 0] Processing 120/149
[Worker 0] Processing 130/149
[Worker 0] Processing 140/149
[Worker 0] Complete!
[Worker 25] Starting conversion of 149 subjects...
# writing /mnt/beegfs02/scratch/a_morelli/model_training/handedness/png_resized_padded/val/worker25_shard-000000.tar 0 0.0 GB 0
[Worker 25] Processing 10/149
[Worker 25] Processing 20/149
[Worker 25] Processing 30/149
[Worker 25] Processing 40/149
[Worker 25] Processing 50/149
[Worker 25] Processing 60/149
[Worker 25] Processing 70/149
[Worker 25] Processing 80/149
[Worker 25] Processing 90/149
[Worker 25] Processing 100/149
[Worker 25] Processing 110/149
[Worker 25] Processing 120/149
[Worker 25] Processing 130/149
[Worker 25] Processing 140/149
[Worker 25] Complete!
[Worker 18] Starting conversion of 149 subjects...
# writing /mnt/beegfs02/scratch/a_morelli/model_training/handedness/png_resized_padded/val/worker18_shard-000000.tar 0 0.0 GB 0
[Worker 18] Processing 10/149
[Worker 18] Processing 20/149
[Worker 18] Processing 30/149
[Worker 18] Processing 40/149
[Worker 18] Processing 50/149
[Worker 18] Processing 60/149
[Worker 18] Processing 70/149
[Worker 18] Processing 80/149
[Worker 18] Processing 90/149
[Worker 18] Processing 100/149
[Worker 18] Processing 110/149
[Worker 18] Processing 120/149
[Worker 18] Processing 130/149
[Worker 18] Processing 140/149
[Worker 18] Complete!
[Worker 5] Starting conversion of 149 subjects...
# writing /mnt/beegfs02/scratch/a_morelli/model_training/handedness/png_resized_padded/val/worker5_shard-000000.tar 0 0.0 GB 0
[Worker 5] Processing 10/149
[Worker 5] Processing 20/149
[Worker 5] Processing 30/149
[Worker 5] Processing 40/149
[Worker 5] Processing 50/149
[Worker 5] Processing 60/149
[Worker 5] Processing 70/149
[Worker 5] Processing 80/149
[Worker 5] Processing 90/149
[Worker 5] Processing 100/149
[Worker 5] Processing 110/149
[Worker 5] Processing 120/149
[Worker 5] Processing 130/149
[Worker 5] Processing 140/149
[Worker 5] Complete!
[Worker 17] Starting conversion of 149 subjects...
# writing /mnt/beegfs02/scratch/a_morelli/model_training/handedness/png_resized_padded/val/worker17_shard-000000.tar 0 0.0 GB 0
[Worker 17] Processing 10/149
[Worker 17] Processing 20/149
[Worker 17] Processing 30/149
[Worker 17] Processing 40/149
[Worker 17] Processing 50/149
[Worker 17] Processing 60/149
[Worker 17] Processing 70/149
[Worker 17] Processing 80/149
[Worker 17] Processing 90/149
[Worker 17] Processing 100/149
[Worker 17] Processing 110/149
[Worker 17] Processing 120/149
[Worker 17] Processing 130/149
[Worker 17] Processing 140/149
[Worker 17] Complete!
==================================================
🔍 Inspecting: /mnt/beegfs02/scratch/a_morelli/model_training/handedness/png_resized_padded/val/worker1_shard-000000.tar
==================================================

[Test 1] Raw Tar Archive Contents (First 15 files):
  - A8Q2J9D5.json (37 bytes)
  - A8Q2J9D5.q5.X.png (46724 bytes)
  - A8Q2J9D5.q5.number_random.png (39085 bytes)
  - E5X8U8V5.json (37 bytes)
  - E5X8U8V5.q5.X.png (37983 bytes)
  - E5X8U8V5.q5.hand.png (30748 bytes)
  - E5X8U8V5.q5.number_random.png (41385 bytes)
  - B1D9Z6H9.json (37 bytes)
  - B1D9Z6H9.q5.X.png (33125 bytes)
  - B1D9Z6H9.q5.hand.png (19058 bytes)
  - B1D9Z6H9.q5.number_random.png (37254 bytes)
  - B3X6B3F9.json (37 bytes)
  - B3X6B3F9.q5.X.png (40738 bytes)
  - B3X6B3F9.q5.hand.png (30860 bytes)
  - B3X6B3F9.q5.number_random.png (36996 bytes)
  ... and 571 more files.

[Test 2] WebDataset Dictionary Grouping:
✅ Successfully loaded Sample Key: A8Q2J9D5
  - json: {'subject': 'A8Q2J9D5', 'label': 1.0}
  - q5.x.png: Valid Image -> Tensor Shape: [3, 224, 224]
  - q5.number_random.png: Valid Image -> Tensor Shape: [3, 224, 224]
--- Slurm Task 0/0 ---
Total dataset size: 11856
Assigned to this node: 11856 subjects (indices 0 to 11855)
Using 32 local CPUs/Workers
[Worker 6] Starting conversion of 371 subjects...
# writing /mnt/beegfs02/scratch/a_morelli/model_training/handedness/png_resized_padded/test/worker6_shard-000000.tar 0 0.0 GB 0
[Worker 6] Processing 10/371
[Worker 6] Processing 20/371
[Worker 6] Processing 30/371
[Worker 6] Processing 40/371
[Worker 6] Processing 50/371
[Worker 6] Processing 60/371
[Worker 6] Processing 70/371
[Worker 6] Processing 80/371
[Worker 6] Processing 90/371
[Worker 6] Processing 100/371
[Worker 6] Processing 110/371
[Worker 6] Processing 120/371
[Worker 6] Processing 130/371
[Worker 6] Processing 140/371
[Worker 6] Processing 150/371
[Worker 6] Processing 160/371
[Worker 6] Processing 170/371
[Worker 6] Processing 180/371
[Worker 6] Processing 190/371
[Worker 6] Processing 200/371
[Worker 6] Processing 210/371
[Worker 6] Processing 220/371
[Worker 6] Processing 230/371
[Worker 6] Processing 240/371
[Worker 6] Processing 250/371
[Worker 6] Processing 260/371
[Worker 6] Processing 270/371
[Worker 6] Processing 280/371
[Worker 6] Processing 290/371
[Worker 6] Processing 300/371
[Worker 6] Processing 310/371
[Worker 6] Processing 320/371
[Worker 6] Processing 330/371
[Worker 6] Processing 340/371
[Worker 6] Processing 350/371
[Worker 6] Processing 360/371
[Worker 6] Processing 370/371
[Worker 6] Complete!
[Worker 9] Starting conversion of 371 subjects...
# writing /mnt/beegfs02/scratch/a_morelli/model_training/handedness/png_resized_padded/test/worker9_shard-000000.tar 0 0.0 GB 0
[Worker 9] Processing 10/371
[Worker 9] Processing 20/371
[Worker 9] Processing 30/371
[Worker 9] Processing 40/371
[Worker 9] Processing 50/371
[Worker 9] Processing 60/371
[Worker 9] Processing 70/371
[Worker 9] Processing 80/371
[Worker 9] Processing 90/371
[Worker 9] Processing 100/371
[Worker 9] Processing 110/371
[Worker 9] Processing 120/371
[Worker 9] Processing 130/371
[Worker 9] Processing 140/371
[Worker 9] Processing 150/371
[Worker 9] Processing 160/371
[Worker 9] Processing 170/371
[Worker 9] Processing 180/371
[Worker 9] Processing 190/371
[Worker 9] Processing 200/371
[Worker 9] Processing 210/371
[Worker 9] Processing 220/371
[Worker 9] Processing 230/371
[Worker 9] Processing 240/371
[Worker 9] Processing 250/371
[Worker 9] Processing 260/371
[Worker 9] Processing 270/371
[Worker 9] Processing 280/371
[Worker 9] Processing 290/371
[Worker 9] Processing 300/371
[Worker 9] Processing 310/371
[Worker 9] Processing 320/371
[Worker 9] Processing 330/371
[Worker 9] Processing 340/371
[Worker 9] Processing 350/371
[Worker 9] Processing 360/371
[Worker 9] Processing 370/371
[Worker 9] Complete!
[Worker 31] Starting conversion of 355 subjects...
# writing /mnt/beegfs02/scratch/a_morelli/model_training/handedness/png_resized_padded/test/worker31_shard-000000.tar 0 0.0 GB 0
[Worker 31] Processing 10/355
[Worker 31] Processing 20/355
[Worker 31] Processing 30/355
[Worker 31] Processing 40/355
[Worker 31] Processing 50/355
[Worker 31] Processing 60/355
[Worker 31] Processing 70/355
[Worker 31] Processing 80/355
[Worker 31] Processing 90/355
[Worker 31] Processing 100/355
[Worker 31] Processing 110/355
[Worker 31] Processing 120/355
[Worker 31] Processing 130/355
[Worker 31] Processing 140/355
[Worker 31] Processing 150/355
[Worker 31] Processing 160/355
[Worker 31] Processing 170/355
[Worker 31] Processing 180/355
[Worker 31] Processing 190/355
[Worker 31] Processing 200/355
[Worker 31] Processing 210/355
[Worker 31] Processing 220/355
[Worker 31] Processing 230/355
[Worker 31] Processing 240/355
[Worker 31] Processing 250/355
[Worker 31] Processing 260/355
[Worker 31] Processing 270/355
[Worker 31] Processing 280/355
[Worker 31] Processing 290/355
[Worker 31] Processing 300/355
[Worker 31] Processing 310/355
[Worker 31] Processing 320/355
[Worker 31] Processing 330/355
[Worker 31] Processing 340/355
[Worker 31] Processing 350/355
[Worker 31] Complete!
[Worker 14] Starting conversion of 371 subjects...
# writing /mnt/beegfs02/scratch/a_morelli/model_training/handedness/png_resized_padded/test/worker14_shard-000000.tar 0 0.0 GB 0
[Worker 14] Processing 10/371
[Worker 14] Processing 20/371
[Worker 14] Processing 30/371
[Worker 14] Processing 40/371
[Worker 14] Processing 50/371
[Worker 14] Processing 60/371
[Worker 14] Processing 70/371
[Worker 14] Processing 80/371
[Worker 14] Processing 90/371
[Worker 14] Processing 100/371
[Worker 14] Processing 110/371
[Worker 14] Processing 120/371
[Worker 14] Processing 130/371
[Worker 14] Processing 140/371
[Worker 14] Processing 150/371
[Worker 14] Processing 160/371
[Worker 14] Processing 170/371
[Worker 14] Processing 180/371
[Worker 14] Processing 190/371
[Worker 14] Processing 200/371
[Worker 14] Processing 210/371
[Worker 14] Processing 220/371
[Worker 14] Processing 230/371
[Worker 14] Processing 240/371
[Worker 14] Processing 250/371
[Worker 14] Processing 260/371
[Worker 14] Processing 270/371
[Worker 14] Processing 280/371
[Worker 14] Processing 290/371
[Worker 14] Processing 300/371
[Worker 14] Processing 310/371
[Worker 14] Processing 320/371
[Worker 14] Processing 330/371
[Worker 14] Processing 340/371
[Worker 14] Processing 350/371
[Worker 14] Processing 360/371
[Worker 14] Processing 370/371
[Worker 14] Complete!
[Worker 10] Starting conversion of 371 subjects...
# writing /mnt/beegfs02/scratch/a_morelli/model_training/handedness/png_resized_padded/test/worker10_shard-000000.tar 0 0.0 GB 0
[Worker 10] Processing 10/371
[Worker 10] Processing 20/371
[Worker 10] Processing 30/371
[Worker 10] Processing 40/371
[Worker 10] Processing 50/371
[Worker 10] Processing 60/371
[Worker 10] Processing 70/371
[Worker 10] Processing 80/371
[Worker 10] Processing 90/371
[Worker 10] Processing 100/371
[Worker 10] Processing 110/371
[Worker 10] Processing 120/371
[Worker 10] Processing 130/371
[Worker 10] Processing 140/371
[Worker 10] Processing 150/371
[Worker 10] Processing 160/371
[Worker 10] Processing 170/371
[Worker 10] Processing 180/371
[Worker 10] Processing 190/371
[Worker 10] Processing 200/371
[Worker 10] Processing 210/371
[Worker 10] Processing 220/371
[Worker 10] Processing 230/371
[Worker 10] Processing 240/371
[Worker 10] Processing 250/371
[Worker 10] Processing 260/371
[Worker 10] Processing 270/371
[Worker 10] Processing 280/371
[Worker 10] Processing 290/371
[Worker 10] Processing 300/371
[Worker 10] Processing 310/371
[Worker 10] Processing 320/371
[Worker 10] Processing 330/371
[Worker 10] Processing 340/371
[Worker 10] Processing 350/371
[Worker 10] Processing 360/371
[Worker 10] Processing 370/371
[Worker 10] Complete!
[Worker 0] Starting conversion of 371 subjects...
# writing /mnt/beegfs02/scratch/a_morelli/model_training/handedness/png_resized_padded/test/worker0_shard-000000.tar 0 0.0 GB 0
[Worker 0] Processing 10/371
[Worker 0] Processing 20/371
[Worker 0] Processing 30/371
[Worker 0] Processing 40/371
[Worker 0] Processing 50/371
[Worker 0] Processing 60/371
[Worker 0] Processing 70/371
[Worker 0] Processing 80/371
[Worker 0] Processing 90/371
[Worker 0] Processing 100/371
[Worker 0] Processing 110/371
[Worker 0] Processing 120/371
[Worker 0] Processing 130/371
[Worker 0] Processing 140/371
[Worker 0] Processing 150/371
[Worker 0] Processing 160/371
[Worker 0] Processing 170/371
[Worker 0] Processing 180/371
[Worker 0] Processing 190/371
[Worker 0] Processing 200/371
[Worker 0] Processing 210/371
[Worker 0] Processing 220/371
[Worker 0] Processing 230/371
[Worker 0] Processing 240/371
[Worker 0] Processing 250/371
[Worker 0] Processing 260/371
[Worker 0] Processing 270/371
[Worker 0] Processing 280/371
[Worker 0] Processing 290/371
[Worker 0] Processing 300/371
[Worker 0] Processing 310/371
[Worker 0] Processing 320/371
[Worker 0] Processing 330/371
[Worker 0] Processing 340/371
[Worker 0] Processing 350/371
[Worker 0] Processing 360/371
[Worker 0] Processing 370/371
[Worker 0] Complete!
[Worker 24] Starting conversion of 371 subjects...
# writing /mnt/beegfs02/scratch/a_morelli/model_training/handedness/png_resized_padded/test/worker24_shard-000000.tar 0 0.0 GB 0
[Worker 24] Processing 10/371
[Worker 24] Processing 20/371
[Worker 24] Processing 30/371
[Worker 24] Processing 40/371
[Worker 24] Processing 50/371
[Worker 24] Processing 60/371
[Worker 24] Processing 70/371
[Worker 24] Processing 80/371
[Worker 24] Processing 90/371
[Worker 24] Processing 100/371
[Worker 24] Processing 110/371
[Worker 24] Processing 120/371
[Worker 24] Processing 130/371
[Worker 24] Processing 140/371
[Worker 24] Processing 150/371
[Worker 24] Processing 160/371
[Worker 24] Processing 170/371
[Worker 24] Processing 180/371
[Worker 24] Processing 190/371
[Worker 24] Processing 200/371
[Worker 24] Processing 210/371
[Worker 24] Processing 220/371
[Worker 24] Processing 230/371
[Worker 24] Processing 240/371
[Worker 24] Processing 250/371
[Worker 24] Processing 260/371
[Worker 24] Processing 270/371
[Worker 24] Processing 280/371
[Worker 24] Processing 290/371
[Worker 24] Processing 300/371
[Worker 24] Processing 310/371
[Worker 24] Processing 320/371
[Worker 24] Processing 330/371
[Worker 24] Processing 340/371
[Worker 24] Processing 350/371
[Worker 24] Processing 360/371
[Worker 24] Processing 370/371
[Worker 24] Complete!
[Worker 29] Starting conversion of 371 subjects...
# writing /mnt/beegfs02/scratch/a_morelli/model_training/handedness/png_resized_padded/test/worker29_shard-000000.tar 0 0.0 GB 0
[Worker 29] Processing 10/371
[Worker 29] Processing 20/371
[Worker 29] Processing 30/371
[Worker 29] Processing 40/371
[Worker 29] Processing 50/371
[Worker 29] Processing 60/371
[Worker 29] Processing 70/371
[Worker 29] Processing 80/371
[Worker 29] Processing 90/371
[Worker 29] Processing 100/371
[Worker 29] Processing 110/371
[Worker 29] Processing 120/371
[Worker 29] Processing 130/371
[Worker 29] Processing 140/371
[Worker 29] Processing 150/371
[Worker 29] Processing 160/371
[Worker 29] Processing 170/371
[Worker 29] Processing 180/371
[Worker 29] Processing 190/371
[Worker 29] Processing 200/371
[Worker 29] Processing 210/371
[Worker 29] Processing 220/371
[Worker 29] Processing 230/371
[Worker 29] Processing 240/371
[Worker 29] Processing 250/371
[Worker 29] Processing 260/371
[Worker 29] Processing 270/371
[Worker 29] Processing 280/371
[Worker 29] Processing 290/371
[Worker 29] Processing 300/371
[Worker 29] Processing 310/371
[Worker 29] Processing 320/371
[Worker 29] Processing 330/371
[Worker 29] Processing 340/371
[Worker 29] Processing 350/371
[Worker 29] Processing 360/371
[Worker 29] Processing 370/371
[Worker 29] Complete!
[Worker 25] Starting conversion of 371 subjects...
# writing /mnt/beegfs02/scratch/a_morelli/model_training/handedness/png_resized_padded/test/worker25_shard-000000.tar 0 0.0 GB 0
[Worker 25] Processing 10/371
[Worker 25] Processing 20/371
[Worker 25] Processing 30/371
[Worker 25] Processing 40/371
[Worker 25] Processing 50/371
[Worker 25] Processing 60/371
[Worker 25] Processing 70/371
[Worker 25] Processing 80/371
[Worker 25] Processing 90/371
[Worker 25] Processing 100/371
[Worker 25] Processing 110/371
[Worker 25] Processing 120/371
[Worker 25] Processing 130/371
[Worker 25] Processing 140/371
[Worker 25] Processing 150/371
[Worker 25] Processing 160/371
[Worker 25] Processing 170/371
[Worker 25] Processing 180/371
[Worker 25] Processing 190/371
[Worker 25] Processing 200/371
[Worker 25] Processing 210/371
[Worker 25] Processing 220/371
[Worker 25] Processing 230/371
[Worker 25] Processing 240/371
[Worker 25] Processing 250/371
[Worker 25] Processing 260/371
[Worker 25] Processing 270/371
[Worker 25] Processing 280/371
[Worker 25] Processing 290/371
[Worker 25] Processing 300/371
[Worker 25] Processing 310/371
[Worker 25] Processing 320/371
[Worker 25] Processing 330/371
[Worker 25] Processing 340/371
[Worker 25] Processing 350/371
[Worker 25] Processing 360/371
[Worker 25] Processing 370/371
[Worker 25] Complete!
[Worker 16] Starting conversion of 371 subjects...
# writing /mnt/beegfs02/scratch/a_morelli/model_training/handedness/png_resized_padded/test/worker16_shard-000000.tar 0 0.0 GB 0
[Worker 16] Processing 10/371
[Worker 16] Processing 20/371
[Worker 16] Processing 30/371
[Worker 16] Processing 40/371
[Worker 16] Processing 50/371
[Worker 16] Processing 60/371
[Worker 16] Processing 70/371
[Worker 16] Processing 80/371
[Worker 16] Processing 90/371
[Worker 16] Processing 100/371
[Worker 16] Processing 110/371
[Worker 16] Processing 120/371
[Worker 16] Processing 130/371
[Worker 16] Processing 140/371
[Worker 16] Processing 150/371
[Worker 16] Processing 160/371
[Worker 16] Processing 170/371
[Worker 16] Processing 180/371
[Worker 16] Processing 190/371
[Worker 16] Processing 200/371
[Worker 16] Processing 210/371
[Worker 16] Processing 220/371
[Worker 16] Processing 230/371
[Worker 16] Processing 240/371
[Worker 16] Processing 250/371
[Worker 16] Processing 260/371
[Worker 16] Processing 270/371
[Worker 16] Processing 280/371
[Worker 16] Processing 290/371
[Worker 16] Processing 300/371
[Worker 16] Processing 310/371
[Worker 16] Processing 320/371
[Worker 16] Processing 330/371
[Worker 16] Processing 340/371
[Worker 16] Processing 350/371
[Worker 16] Processing 360/371
[Worker 16] Processing 370/371
[Worker 16] Complete!
[Worker 22] Starting conversion of 371 subjects...
# writing /mnt/beegfs02/scratch/a_morelli/model_training/handedness/png_resized_padded/test/worker22_shard-000000.tar 0 0.0 GB 0
[Worker 22] Processing 10/371
[Worker 22] Processing 20/371
[Worker 22] Processing 30/371
[Worker 22] Processing 40/371
[Worker 22] Processing 50/371
[Worker 22] Processing 60/371
[Worker 22] Processing 70/371
[Worker 22] Processing 80/371
[Worker 22] Processing 90/371
[Worker 22] Processing 100/371
[Worker 22] Processing 110/371
[Worker 22] Processing 120/371
[Worker 22] Processing 130/371
[Worker 22] Processing 140/371
[Worker 22] Processing 150/371
[Worker 22] Processing 160/371
[Worker 22] Processing 170/371
[Worker 22] Processing 180/371
[Worker 22] Processing 190/371
[Worker 22] Processing 200/371
[Worker 22] Processing 210/371
[Worker 22] Processing 220/371
[Worker 22] Processing 230/371
[Worker 22] Processing 240/371
[Worker 22] Processing 250/371
[Worker 22] Processing 260/371
[Worker 22] Processing 270/371
[Worker 22] Processing 280/371
[Worker 22] Processing 290/371
[Worker 22] Processing 300/371
[Worker 22] Processing 310/371
[Worker 22] Processing 320/371
[Worker 22] Processing 330/371
[Worker 22] Processing 340/371
[Worker 22] Processing 350/371
[Worker 22] Processing 360/371
[Worker 22] Processing 370/371
[Worker 22] Complete!
[Worker 18] Starting conversion of 371 subjects...
# writing /mnt/beegfs02/scratch/a_morelli/model_training/handedness/png_resized_padded/test/worker18_shard-000000.tar 0 0.0 GB 0
[Worker 18] Processing 10/371
[Worker 18] Processing 20/371
[Worker 18] Processing 30/371
[Worker 18] Processing 40/371
[Worker 18] Processing 50/371
[Worker 18] Processing 60/371
[Worker 18] Processing 70/371
[Worker 18] Processing 80/371
[Worker 18] Processing 90/371
[Worker 18] Processing 100/371
[Worker 18] Processing 110/371
[Worker 18] Processing 120/371
[Worker 18] Processing 130/371
[Worker 18] Processing 140/371
[Worker 18] Processing 150/371
[Worker 18] Processing 160/371
[Worker 18] Processing 170/371
[Worker 18] Processing 180/371
[Worker 18] Processing 190/371
[Worker 18] Processing 200/371
[Worker 18] Processing 210/371
[Worker 18] Processing 220/371
[Worker 18] Processing 230/371
[Worker 18] Processing 240/371
[Worker 18] Processing 250/371
[Worker 18] Processing 260/371
[Worker 18] Processing 270/371
[Worker 18] Processing 280/371
[Worker 18] Processing 290/371
[Worker 18] Processing 300/371
[Worker 18] Processing 310/371
[Worker 18] Processing 320/371
[Worker 18] Processing 330/371
[Worker 18] Processing 340/371
[Worker 18] Processing 350/371
[Worker 18] Processing 360/371
[Worker 18] Processing 370/371
[Worker 18] Complete!
[Worker 12] Starting conversion of 371 subjects...
# writing /mnt/beegfs02/scratch/a_morelli/model_training/handedness/png_resized_padded/test/worker12_shard-000000.tar 0 0.0 GB 0
[Worker 12] Processing 10/371
[Worker 12] Processing 20/371
[Worker 12] Processing 30/371
[Worker 12] Processing 40/371
[Worker 12] Processing 50/371
[Worker 12] Processing 60/371
[Worker 12] Processing 70/371
[Worker 12] Processing 80/371
[Worker 12] Processing 90/371
[Worker 12] Processing 100/371
[Worker 12] Processing 110/371
[Worker 12] Processing 120/371
[Worker 12] Processing 130/371
[Worker 12] Processing 140/371
[Worker 12] Processing 150/371
[Worker 12] Processing 160/371
[Worker 12] Processing 170/371
[Worker 12] Processing 180/371
[Worker 12] Processing 190/371
[Worker 12] Processing 200/371
[Worker 12] Processing 210/371
[Worker 12] Processing 220/371
[Worker 12] Processing 230/371
[Worker 12] Processing 240/371
[Worker 12] Processing 250/371
[Worker 12] Processing 260/371
[Worker 12] Processing 270/371
[Worker 12] Processing 280/371
[Worker 12] Processing 290/371
[Worker 12] Processing 300/371
[Worker 12] Processing 310/371
[Worker 12] Processing 320/371
[Worker 12] Processing 330/371
[Worker 12] Processing 340/371
[Worker 12] Processing 350/371
[Worker 12] Processing 360/371
[Worker 12] Processing 370/371
[Worker 12] Complete!
[Worker 28] Starting conversion of 371 subjects...
# writing /mnt/beegfs02/scratch/a_morelli/model_training/handedness/png_resized_padded/test/worker28_shard-000000.tar 0 0.0 GB 0
[Worker 28] Processing 10/371
[Worker 28] Processing 20/371
[Worker 28] Processing 30/371
[Worker 28] Processing 40/371
[Worker 28] Processing 50/371
[Worker 28] Processing 60/371
[Worker 28] Processing 70/371
[Worker 28] Processing 80/371
[Worker 28] Processing 90/371
[Worker 28] Processing 100/371
[Worker 28] Processing 110/371
[Worker 28] Processing 120/371
[Worker 28] Processing 130/371
[Worker 28] Processing 140/371
[Worker 28] Processing 150/371
[Worker 28] Processing 160/371
[Worker 28] Processing 170/371
[Worker 28] Processing 180/371
[Worker 28] Processing 190/371
[Worker 28] Processing 200/371
[Worker 28] Processing 210/371
[Worker 28] Processing 220/371
[Worker 28] Processing 230/371
[Worker 28] Processing 240/371
[Worker 28] Processing 250/371
[Worker 28] Processing 260/371
[Worker 28] Processing 270/371
[Worker 28] Processing 280/371
[Worker 28] Processing 290/371
[Worker 28] Processing 300/371
[Worker 28] Processing 310/371
[Worker 28] Processing 320/371
[Worker 28] Processing 330/371
[Worker 28] Processing 340/371
[Worker 28] Processing 350/371
[Worker 28] Processing 360/371
[Worker 28] Processing 370/371
[Worker 28] Complete!
[Worker 1] Starting conversion of 371 subjects...
# writing /mnt/beegfs02/scratch/a_morelli/model_training/handedness/png_resized_padded/test/worker1_shard-000000.tar 0 0.0 GB 0
[Worker 1] Processing 10/371
[Worker 1] Processing 20/371
[Worker 1] Processing 30/371
[Worker 1] Processing 40/371
[Worker 1] Processing 50/371
[Worker 1] Processing 60/371
[Worker 1] Processing 70/371
[Worker 1] Processing 80/371
[Worker 1] Processing 90/371
[Worker 1] Processing 100/371
[Worker 1] Processing 110/371
[Worker 1] Processing 120/371
[Worker 1] Processing 130/371
[Worker 1] Processing 140/371
[Worker 1] Processing 150/371
[Worker 1] Processing 160/371
[Worker 1] Processing 170/371
[Worker 1] Processing 180/371
[Worker 1] Processing 190/371
[Worker 1] Processing 200/371
[Worker 1] Processing 210/371
[Worker 1] Processing 220/371
[Worker 1] Processing 230/371
[Worker 1] Processing 240/371
[Worker 1] Processing 250/371
[Worker 1] Processing 260/371
[Worker 1] Processing 270/371
[Worker 1] Processing 280/371
[Worker 1] Processing 290/371
[Worker 1] Processing 300/371
[Worker 1] Processing 310/371
[Worker 1] Processing 320/371
[Worker 1] Processing 330/371
[Worker 1] Processing 340/371
[Worker 1] Processing 350/371
[Worker 1] Processing 360/371
[Worker 1] Processing 370/371
[Worker 1] Complete!
[Worker 27] Starting conversion of 371 subjects...
# writing /mnt/beegfs02/scratch/a_morelli/model_training/handedness/png_resized_padded/test/worker27_shard-000000.tar 0 0.0 GB 0
[Worker 27] Processing 10/371
[Worker 27] Processing 20/371
[Worker 27] Processing 30/371
[Worker 27] Processing 40/371
[Worker 27] Processing 50/371
[Worker 27] Processing 60/371
[Worker 27] Processing 70/371
[Worker 27] Processing 80/371
[Worker 27] Processing 90/371
[Worker 27] Processing 100/371
[Worker 27] Processing 110/371
[Worker 27] Processing 120/371
[Worker 27] Processing 130/371
[Worker 27] Processing 140/371
[Worker 27] Processing 150/371
[Worker 27] Processing 160/371
[Worker 27] Processing 170/371
[Worker 27] Processing 180/371
[Worker 27] Processing 190/371
[Worker 27] Processing 200/371
[Worker 27] Processing 210/371
[Worker 27] Processing 220/371
[Worker 27] Processing 230/371
[Worker 27] Processing 240/371
[Worker 27] Processing 250/371
[Worker 27] Processing 260/371
[Worker 27] Processing 270/371
[Worker 27] Processing 280/371
[Worker 27] Processing 290/371
[Worker 27] Processing 300/371
[Worker 27] Processing 310/371
[Worker 27] Processing 320/371
[Worker 27] Processing 330/371
[Worker 27] Processing 340/371
[Worker 27] Processing 350/371
[Worker 27] Processing 360/371
[Worker 27] Processing 370/371
[Worker 27] Complete!
[Worker 13] Starting conversion of 371 subjects...
# writing /mnt/beegfs02/scratch/a_morelli/model_training/handedness/png_resized_padded/test/worker13_shard-000000.tar 0 0.0 GB 0
[Worker 13] Processing 10/371
[Worker 13] Processing 20/371
[Worker 13] Processing 30/371
[Worker 13] Processing 40/371
[Worker 13] Processing 50/371
[Worker 13] Processing 60/371
[Worker 13] Processing 70/371
[Worker 13] Processing 80/371
[Worker 13] Processing 90/371
[Worker 13] Processing 100/371
[Worker 13] Processing 110/371
[Worker 13] Processing 120/371
[Worker 13] Processing 130/371
[Worker 13] Processing 140/371
[Worker 13] Processing 150/371
[Worker 13] Processing 160/371
[Worker 13] Processing 170/371
[Worker 13] Processing 180/371
[Worker 13] Processing 190/371
[Worker 13] Processing 200/371
[Worker 13] Processing 210/371
[Worker 13] Processing 220/371
[Worker 13] Processing 230/371
[Worker 13] Processing 240/371
[Worker 13] Processing 250/371
[Worker 13] Processing 260/371
[Worker 13] Processing 270/371
[Worker 13] Processing 280/371
[Worker 13] Processing 290/371
[Worker 13] Processing 300/371
[Worker 13] Processing 310/371
[Worker 13] Processing 320/371
[Worker 13] Processing 330/371
[Worker 13] Processing 340/371
[Worker 13] Processing 350/371
[Worker 13] Processing 360/371
[Worker 13] Processing 370/371
[Worker 13] Complete!
[Worker 19] Starting conversion of 371 subjects...
# writing /mnt/beegfs02/scratch/a_morelli/model_training/handedness/png_resized_padded/test/worker19_shard-000000.tar 0 0.0 GB 0
[Worker 19] Processing 10/371
[Worker 19] Processing 20/371
[Worker 19] Processing 30/371
[Worker 19] Processing 40/371
[Worker 19] Processing 50/371
[Worker 19] Processing 60/371
[Worker 19] Processing 70/371
[Worker 19] Processing 80/371
[Worker 19] Processing 90/371
[Worker 19] Processing 100/371
[Worker 19] Processing 110/371
[Worker 19] Processing 120/371
[Worker 19] Processing 130/371
[Worker 19] Processing 140/371
[Worker 19] Processing 150/371
[Worker 19] Processing 160/371
[Worker 19] Processing 170/371
[Worker 19] Processing 180/371
[Worker 19] Processing 190/371
[Worker 19] Processing 200/371
[Worker 19] Processing 210/371
[Worker 19] Processing 220/371
[Worker 19] Processing 230/371
[Worker 19] Processing 240/371
[Worker 19] Processing 250/371
[Worker 19] Processing 260/371
[Worker 19] Processing 270/371
[Worker 19] Processing 280/371
[Worker 19] Processing 290/371
[Worker 19] Processing 300/371
[Worker 19] Processing 310/371
[Worker 19] Processing 320/371
[Worker 19] Processing 330/371
[Worker 19] Processing 340/371
[Worker 19] Processing 350/371
[Worker 19] Processing 360/371
[Worker 19] Processing 370/371
[Worker 19] Complete!
[Worker 4] Starting conversion of 371 subjects...
# writing /mnt/beegfs02/scratch/a_morelli/model_training/handedness/png_resized_padded/test/worker4_shard-000000.tar 0 0.0 GB 0
[Worker 4] Processing 10/371
[Worker 4] Processing 20/371
[Worker 4] Processing 30/371
[Worker 4] Processing 40/371
[Worker 4] Processing 50/371
[Worker 4] Processing 60/371
[Worker 4] Processing 70/371
[Worker 4] Processing 80/371
[Worker 4] Processing 90/371
[Worker 4] Processing 100/371
[Worker 4] Processing 110/371
[Worker 4] Processing 120/371
[Worker 4] Processing 130/371
[Worker 4] Processing 140/371
[Worker 4] Processing 150/371
[Worker 4] Processing 160/371
[Worker 4] Processing 170/371
[Worker 4] Processing 180/371
[Worker 4] Processing 190/371
[Worker 4] Processing 200/371
[Worker 4] Processing 210/371
[Worker 4] Processing 220/371
[Worker 4] Processing 230/371
[Worker 4] Processing 240/371
[Worker 4] Processing 250/371
[Worker 4] Processing 260/371
[Worker 4] Processing 270/371
[Worker 4] Processing 280/371
[Worker 4] Processing 290/371
[Worker 4] Processing 300/371
[Worker 4] Processing 310/371
[Worker 4] Processing 320/371
[Worker 4] Processing 330/371
[Worker 4] Processing 340/371
[Worker 4] Processing 350/371
[Worker 4] Processing 360/371
[Worker 4] Processing 370/371
[Worker 4] Complete!
[Worker 8] Starting conversion of 371 subjects...
# writing /mnt/beegfs02/scratch/a_morelli/model_training/handedness/png_resized_padded/test/worker8_shard-000000.tar 0 0.0 GB 0
[Worker 8] Processing 10/371
[Worker 8] Processing 20/371
[Worker 8] Processing 30/371
[Worker 8] Processing 40/371
[Worker 8] Processing 50/371
[Worker 8] Processing 60/371
[Worker 8] Processing 70/371
[Worker 8] Processing 80/371
[Worker 8] Processing 90/371
[Worker 8] Processing 100/371
[Worker 8] Processing 110/371
[Worker 8] Processing 120/371
[Worker 8] Processing 130/371
[Worker 8] Processing 140/371
[Worker 8] Processing 150/371
[Worker 8] Processing 160/371
[Worker 8] Processing 170/371
[Worker 8] Processing 180/371
[Worker 8] Processing 190/371
[Worker 8] Processing 200/371
[Worker 8] Processing 210/371
[Worker 8] Processing 220/371
[Worker 8] Processing 230/371
[Worker 8] Processing 240/371
[Worker 8] Processing 250/371
[Worker 8] Processing 260/371
[Worker 8] Processing 270/371
[Worker 8] Processing 280/371
[Worker 8] Processing 290/371
[Worker 8] Processing 300/371
[Worker 8] Processing 310/371
[Worker 8] Processing 320/371
[Worker 8] Processing 330/371
[Worker 8] Processing 340/371
[Worker 8] Processing 350/371
[Worker 8] Processing 360/371
[Worker 8] Processing 370/371
[Worker 8] Complete!
[Worker 21] Starting conversion of 371 subjects...
# writing /mnt/beegfs02/scratch/a_morelli/model_training/handedness/png_resized_padded/test/worker21_shard-000000.tar 0 0.0 GB 0
[Worker 21] Processing 10/371
[Worker 21] Processing 20/371
[Worker 21] Processing 30/371
[Worker 21] Processing 40/371
[Worker 21] Processing 50/371
[Worker 21] Processing 60/371
[Worker 21] Processing 70/371
[Worker 21] Processing 80/371
[Worker 21] Processing 90/371
[Worker 21] Processing 100/371
[Worker 21] Processing 110/371
[Worker 21] Processing 120/371
[Worker 21] Processing 130/371
[Worker 21] Processing 140/371
[Worker 21] Processing 150/371
[Worker 21] Processing 160/371
[Worker 21] Processing 170/371
[Worker 21] Processing 180/371
[Worker 21] Processing 190/371
[Worker 21] Processing 200/371
[Worker 21] Processing 210/371
[Worker 21] Processing 220/371
[Worker 21] Processing 230/371
[Worker 21] Processing 240/371
[Worker 21] Processing 250/371
[Worker 21] Processing 260/371
[Worker 21] Processing 270/371
[Worker 21] Processing 280/371
[Worker 21] Processing 290/371
[Worker 21] Processing 300/371
[Worker 21] Processing 310/371
[Worker 21] Processing 320/371
[Worker 21] Processing 330/371
[Worker 21] Processing 340/371
[Worker 21] Processing 350/371
[Worker 21] Processing 360/371
[Worker 21] Processing 370/371
[Worker 21] Complete!
[Worker 15] Starting conversion of 371 subjects...
# writing /mnt/beegfs02/scratch/a_morelli/model_training/handedness/png_resized_padded/test/worker15_shard-000000.tar 0 0.0 GB 0
[Worker 15] Processing 10/371
[Worker 15] Processing 20/371
[Worker 15] Processing 30/371
[Worker 15] Processing 40/371
[Worker 15] Processing 50/371
[Worker 15] Processing 60/371
[Worker 15] Processing 70/371
[Worker 15] Processing 80/371
[Worker 15] Processing 90/371
[Worker 15] Processing 100/371
[Worker 15] Processing 110/371
[Worker 15] Processing 120/371
[Worker 15] Processing 130/371
[Worker 15] Processing 140/371
[Worker 15] Processing 150/371
[Worker 15] Processing 160/371
[Worker 15] Processing 170/371
[Worker 15] Processing 180/371
[Worker 15] Processing 190/371
[Worker 15] Processing 200/371
[Worker 15] Processing 210/371
[Worker 15] Processing 220/371
[Worker 15] Processing 230/371
[Worker 15] Processing 240/371
[Worker 15] Processing 250/371
[Worker 15] Processing 260/371
[Worker 15] Processing 270/371
[Worker 15] Processing 280/371
[Worker 15] Processing 290/371
[Worker 15] Processing 300/371
[Worker 15] Processing 310/371
[Worker 15] Processing 320/371
[Worker 15] Processing 330/371
[Worker 15] Processing 340/371
[Worker 15] Processing 350/371
[Worker 15] Processing 360/371
[Worker 15] Processing 370/371
[Worker 15] Complete!
[Worker 3] Starting conversion of 371 subjects...
# writing /mnt/beegfs02/scratch/a_morelli/model_training/handedness/png_resized_padded/test/worker3_shard-000000.tar 0 0.0 GB 0
[Worker 3] Processing 10/371
[Worker 3] Processing 20/371
[Worker 3] Processing 30/371
[Worker 3] Processing 40/371
[Worker 3] Processing 50/371
[Worker 3] Processing 60/371
[Worker 3] Processing 70/371
[Worker 3] Processing 80/371
[Worker 3] Processing 90/371
[Worker 3] Processing 100/371
[Worker 3] Processing 110/371
[Worker 3] Processing 120/371
[Worker 3] Processing 130/371
[Worker 3] Processing 140/371
[Worker 3] Processing 150/371
[Worker 3] Processing 160/371
[Worker 3] Processing 170/371
[Worker 3] Processing 180/371
[Worker 3] Processing 190/371
[Worker 3] Processing 200/371
[Worker 3] Processing 210/371
[Worker 3] Processing 220/371
[Worker 3] Processing 230/371
[Worker 3] Processing 240/371
[Worker 3] Processing 250/371
[Worker 3] Processing 260/371
[Worker 3] Processing 270/371
[Worker 3] Processing 280/371
[Worker 3] Processing 290/371
[Worker 3] Processing 300/371
[Worker 3] Processing 310/371
[Worker 3] Processing 320/371
[Worker 3] Processing 330/371
[Worker 3] Processing 340/371
[Worker 3] Processing 350/371
[Worker 3] Processing 360/371
[Worker 3] Processing 370/371
[Worker 3] Complete!
[Worker 30] Starting conversion of 371 subjects...
# writing /mnt/beegfs02/scratch/a_morelli/model_training/handedness/png_resized_padded/test/worker30_shard-000000.tar 0 0.0 GB 0
[Worker 30] Processing 10/371
[Worker 30] Processing 20/371
[Worker 30] Processing 30/371
[Worker 30] Processing 40/371
[Worker 30] Processing 50/371
[Worker 30] Processing 60/371
[Worker 30] Processing 70/371
[Worker 30] Processing 80/371
[Worker 30] Processing 90/371
[Worker 30] Processing 100/371
[Worker 30] Processing 110/371
[Worker 30] Processing 120/371
[Worker 30] Processing 130/371
[Worker 30] Processing 140/371
[Worker 30] Processing 150/371
[Worker 30] Processing 160/371
[Worker 30] Processing 170/371
[Worker 30] Processing 180/371
[Worker 30] Processing 190/371
[Worker 30] Processing 200/371
[Worker 30] Processing 210/371
[Worker 30] Processing 220/371
[Worker 30] Processing 230/371
[Worker 30] Processing 240/371
[Worker 30] Processing 250/371
[Worker 30] Processing 260/371
[Worker 30] Processing 270/371
[Worker 30] Processing 280/371
[Worker 30] Processing 290/371
[Worker 30] Processing 300/371
[Worker 30] Processing 310/371
[Worker 30] Processing 320/371
[Worker 30] Processing 330/371
[Worker 30] Processing 340/371
[Worker 30] Processing 350/371
[Worker 30] Processing 360/371
[Worker 30] Processing 370/371
[Worker 30] Complete!
[Worker 23] Starting conversion of 371 subjects...
# writing /mnt/beegfs02/scratch/a_morelli/model_training/handedness/png_resized_padded/test/worker23_shard-000000.tar 0 0.0 GB 0
[Worker 23] Processing 10/371
[Worker 23] Processing 20/371
[Worker 23] Processing 30/371
[Worker 23] Processing 40/371
[Worker 23] Processing 50/371
[Worker 23] Processing 60/371
[Worker 23] Processing 70/371
[Worker 23] Processing 80/371
[Worker 23] Processing 90/371
[Worker 23] Processing 100/371
[Worker 23] Processing 110/371
[Worker 23] Processing 120/371
[Worker 23] Processing 130/371
[Worker 23] Processing 140/371
[Worker 23] Processing 150/371
[Worker 23] Processing 160/371
[Worker 23] Processing 170/371
[Worker 23] Processing 180/371
[Worker 23] Processing 190/371
[Worker 23] Processing 200/371
[Worker 23] Processing 210/371
[Worker 23] Processing 220/371
[Worker 23] Processing 230/371
[Worker 23] Processing 240/371
[Worker 23] Processing 250/371
[Worker 23] Processing 260/371
[Worker 23] Processing 270/371
[Worker 23] Processing 280/371
[Worker 23] Processing 290/371
[Worker 23] Processing 300/371
[Worker 23] Processing 310/371
[Worker 23] Processing 320/371
[Worker 23] Processing 330/371
[Worker 23] Processing 340/371
[Worker 23] Processing 350/371
[Worker 23] Processing 360/371
[Worker 23] Processing 370/371
[Worker 23] Complete!
[Worker 17] Starting conversion of 371 subjects...
# writing /mnt/beegfs02/scratch/a_morelli/model_training/handedness/png_resized_padded/test/worker17_shard-000000.tar 0 0.0 GB 0
[Worker 17] Processing 10/371
[Worker 17] Processing 20/371
[Worker 17] Processing 30/371
[Worker 17] Processing 40/371
[Worker 17] Processing 50/371
[Worker 17] Processing 60/371
[Worker 17] Processing 70/371
[Worker 17] Processing 80/371
[Worker 17] Processing 90/371
[Worker 17] Processing 100/371
[Worker 17] Processing 110/371
[Worker 17] Processing 120/371
[Worker 17] Processing 130/371
[Worker 17] Processing 140/371
[Worker 17] Processing 150/371
[Worker 17] Processing 160/371
[Worker 17] Processing 170/371
[Worker 17] Processing 180/371
[Worker 17] Processing 190/371
[Worker 17] Processing 200/371
[Worker 17] Processing 210/371
[Worker 17] Processing 220/371
[Worker 17] Processing 230/371
[Worker 17] Processing 240/371
[Worker 17] Processing 250/371
[Worker 17] Processing 260/371
[Worker 17] Processing 270/371
[Worker 17] Processing 280/371
[Worker 17] Processing 290/371
[Worker 17] Processing 300/371
[Worker 17] Processing 310/371
[Worker 17] Processing 320/371
[Worker 17] Processing 330/371
[Worker 17] Processing 340/371
[Worker 17] Processing 350/371
[Worker 17] Processing 360/371
[Worker 17] Processing 370/371
[Worker 17] Complete!
[Worker 20] Starting conversion of 371 subjects...
# writing /mnt/beegfs02/scratch/a_morelli/model_training/handedness/png_resized_padded/test/worker20_shard-000000.tar 0 0.0 GB 0
[Worker 20] Processing 10/371
[Worker 20] Processing 20/371
[Worker 20] Processing 30/371
[Worker 20] Processing 40/371
[Worker 20] Processing 50/371
[Worker 20] Processing 60/371
[Worker 20] Processing 70/371
[Worker 20] Processing 80/371
[Worker 20] Processing 90/371
[Worker 20] Processing 100/371
[Worker 20] Processing 110/371
[Worker 20] Processing 120/371
[Worker 20] Processing 130/371
[Worker 20] Processing 140/371
[Worker 20] Processing 150/371
[Worker 20] Processing 160/371
[Worker 20] Processing 170/371
[Worker 20] Processing 180/371
[Worker 20] Processing 190/371
[Worker 20] Processing 200/371
[Worker 20] Processing 210/371
[Worker 20] Processing 220/371
[Worker 20] Processing 230/371
[Worker 20] Processing 240/371
[Worker 20] Processing 250/371
[Worker 20] Processing 260/371
[Worker 20] Processing 270/371
[Worker 20] Processing 280/371
[Worker 20] Processing 290/371
[Worker 20] Processing 300/371
[Worker 20] Processing 310/371
[Worker 20] Processing 320/371
[Worker 20] Processing 330/371
[Worker 20] Processing 340/371
[Worker 20] Processing 350/371
[Worker 20] Processing 360/371
[Worker 20] Processing 370/371
[Worker 20] Complete!
[Worker 5] Starting conversion of 371 subjects...
# writing /mnt/beegfs02/scratch/a_morelli/model_training/handedness/png_resized_padded/test/worker5_shard-000000.tar 0 0.0 GB 0
[Worker 5] Processing 10/371
[Worker 5] Processing 20/371
[Worker 5] Processing 30/371
[Worker 5] Processing 40/371
[Worker 5] Processing 50/371
[Worker 5] Processing 60/371
[Worker 5] Processing 70/371
[Worker 5] Processing 80/371
[Worker 5] Processing 90/371
[Worker 5] Processing 100/371
[Worker 5] Processing 110/371
[Worker 5] Processing 120/371
[Worker 5] Processing 130/371
[Worker 5] Processing 140/371
[Worker 5] Processing 150/371
[Worker 5] Processing 160/371
[Worker 5] Processing 170/371
[Worker 5] Processing 180/371
[Worker 5] Processing 190/371
[Worker 5] Processing 200/371
[Worker 5] Processing 210/371
[Worker 5] Processing 220/371
[Worker 5] Processing 230/371
[Worker 5] Processing 240/371
[Worker 5] Processing 250/371
[Worker 5] Processing 260/371
[Worker 5] Processing 270/371
[Worker 5] Processing 280/371
[Worker 5] Processing 290/371
[Worker 5] Processing 300/371
[Worker 5] Processing 310/371
[Worker 5] Processing 320/371
[Worker 5] Processing 330/371
[Worker 5] Processing 340/371
[Worker 5] Processing 350/371
[Worker 5] Processing 360/371
[Worker 5] Processing 370/371
[Worker 5] Complete!
[Worker 7] Starting conversion of 371 subjects...
# writing /mnt/beegfs02/scratch/a_morelli/model_training/handedness/png_resized_padded/test/worker7_shard-000000.tar 0 0.0 GB 0
[Worker 7] Processing 10/371
[Worker 7] Processing 20/371
[Worker 7] Processing 30/371
[Worker 7] Processing 40/371
[Worker 7] Processing 50/371
[Worker 7] Processing 60/371
[Worker 7] Processing 70/371
[Worker 7] Processing 80/371
[Worker 7] Processing 90/371
[Worker 7] Processing 100/371
[Worker 7] Processing 110/371
[Worker 7] Processing 120/371
[Worker 7] Processing 130/371
[Worker 7] Processing 140/371
[Worker 7] Processing 150/371
[Worker 7] Processing 160/371
[Worker 7] Processing 170/371
[Worker 7] Processing 180/371
[Worker 7] Processing 190/371
[Worker 7] Processing 200/371
[Worker 7] Processing 210/371
[Worker 7] Processing 220/371
[Worker 7] Processing 230/371
[Worker 7] Processing 240/371
[Worker 7] Processing 250/371
[Worker 7] Processing 260/371
[Worker 7] Processing 270/371
[Worker 7] Processing 280/371
[Worker 7] Processing 290/371
[Worker 7] Processing 300/371
[Worker 7] Processing 310/371
[Worker 7] Processing 320/371
[Worker 7] Processing 330/371
[Worker 7] Processing 340/371
[Worker 7] Processing 350/371
[Worker 7] Processing 360/371
[Worker 7] Processing 370/371
[Worker 7] Complete!
[Worker 2] Starting conversion of 371 subjects...
# writing /mnt/beegfs02/scratch/a_morelli/model_training/handedness/png_resized_padded/test/worker2_shard-000000.tar 0 0.0 GB 0
[Worker 2] Processing 10/371
[Worker 2] Processing 20/371
[Worker 2] Processing 30/371
[Worker 2] Processing 40/371
[Worker 2] Processing 50/371
[Worker 2] Processing 60/371
[Worker 2] Processing 70/371
[Worker 2] Processing 80/371
[Worker 2] Processing 90/371
[Worker 2] Processing 100/371
[Worker 2] Processing 110/371
[Worker 2] Processing 120/371
[Worker 2] Processing 130/371
[Worker 2] Processing 140/371
[Worker 2] Processing 150/371
[Worker 2] Processing 160/371
[Worker 2] Processing 170/371
[Worker 2] Processing 180/371
[Worker 2] Processing 190/371
[Worker 2] Processing 200/371
[Worker 2] Processing 210/371
[Worker 2] Processing 220/371
[Worker 2] Processing 230/371
[Worker 2] Processing 240/371
[Worker 2] Processing 250/371
[Worker 2] Processing 260/371
[Worker 2] Processing 270/371
[Worker 2] Processing 280/371
[Worker 2] Processing 290/371
[Worker 2] Processing 300/371
[Worker 2] Processing 310/371
[Worker 2] Processing 320/371
[Worker 2] Processing 330/371
[Worker 2] Processing 340/371
[Worker 2] Processing 350/371
[Worker 2] Processing 360/371
[Worker 2] Processing 370/371
[Worker 2] Complete!
[Worker 11] Starting conversion of 371 subjects...
# writing /mnt/beegfs02/scratch/a_morelli/model_training/handedness/png_resized_padded/test/worker11_shard-000000.tar 0 0.0 GB 0
[Worker 11] Processing 10/371
[Worker 11] Processing 20/371
[Worker 11] Processing 30/371
[Worker 11] Processing 40/371
[Worker 11] Processing 50/371
[Worker 11] Processing 60/371
[Worker 11] Processing 70/371
[Worker 11] Processing 80/371
[Worker 11] Processing 90/371
[Worker 11] Processing 100/371
[Worker 11] Processing 110/371
[Worker 11] Processing 120/371
[Worker 11] Processing 130/371
[Worker 11] Processing 140/371
[Worker 11] Processing 150/371
[Worker 11] Processing 160/371
[Worker 11] Processing 170/371
[Worker 11] Processing 180/371
[Worker 11] Processing 190/371
[Worker 11] Processing 200/371
[Worker 11] Processing 210/371
[Worker 11] Processing 220/371
[Worker 11] Processing 230/371
[Worker 11] Processing 240/371
[Worker 11] Processing 250/371
[Worker 11] Processing 260/371
[Worker 11] Processing 270/371
[Worker 11] Processing 280/371
[Worker 11] Processing 290/371
[Worker 11] Processing 300/371
[Worker 11] Processing 310/371
[Worker 11] Processing 320/371
[Worker 11] Processing 330/371
[Worker 11] Processing 340/371
[Worker 11] Processing 350/371
[Worker 11] Processing 360/371
[Worker 11] Processing 370/371
[Worker 11] Complete!
[Worker 26] Starting conversion of 371 subjects...
# writing /mnt/beegfs02/scratch/a_morelli/model_training/handedness/png_resized_padded/test/worker26_shard-000000.tar 0 0.0 GB 0
[Worker 26] Processing 10/371
[Worker 26] Processing 20/371
[Worker 26] Processing 30/371
[Worker 26] Processing 40/371
[Worker 26] Processing 50/371
[Worker 26] Processing 60/371
[Worker 26] Processing 70/371
[Worker 26] Processing 80/371
[Worker 26] Processing 90/371
[Worker 26] Processing 100/371
[Worker 26] Processing 110/371
[Worker 26] Processing 120/371
[Worker 26] Processing 130/371
[Worker 26] Processing 140/371
[Worker 26] Processing 150/371
[Worker 26] Processing 160/371
[Worker 26] Processing 170/371
[Worker 26] Processing 180/371
[Worker 26] Processing 190/371
[Worker 26] Processing 200/371
[Worker 26] Processing 210/371
[Worker 26] Processing 220/371
[Worker 26] Processing 230/371
[Worker 26] Processing 240/371
[Worker 26] Processing 250/371
[Worker 26] Processing 260/371
[Worker 26] Processing 270/371
[Worker 26] Processing 280/371
[Worker 26] Processing 290/371
[Worker 26] Processing 300/371
[Worker 26] Processing 310/371
[Worker 26] Processing 320/371
[Worker 26] Processing 330/371
[Worker 26] Processing 340/371
[Worker 26] Processing 350/371
[Worker 26] Processing 360/371
[Worker 26] Processing 370/371
[Worker 26] Complete!
==================================================
🔍 Inspecting: /mnt/beegfs02/scratch/a_morelli/model_training/handedness/png_resized_padded/test/worker25_shard-000000.tar
==================================================

[Test 1] Raw Tar Archive Contents (First 15 files):
  - B8A0A6O5.json (37 bytes)
  - B8A0A6O5.q5.X.png (38330 bytes)
  - B8A0A6O5.q5.hand.png (25270 bytes)
  - B8A0A6O5.q5.number_random.png (34499 bytes)
  - B0X9N0L0.json (37 bytes)
  - B0X9N0L0.q5.X.png (41904 bytes)
  - B0X9N0L0.q5.hand.png (22167 bytes)
  - B0X9N0L0.q5.number_random.png (30487 bytes)
  - A5X9L1H7.json (37 bytes)
  - A5X9L1H7.q5.X.png (39216 bytes)
  - A5X9L1H7.q5.hand.png (23772 bytes)
  - A5X9L1H7.q5.number_random.png (38377 bytes)
  - B8L5O5J9.json (37 bytes)
  - B8L5O5J9.q5.X.png (38971 bytes)
  - B8L5O5J9.q5.hand.png (20197 bytes)
  ... and 1445 more files.

[Test 2] WebDataset Dictionary Grouping:
✅ Successfully loaded Sample Key: B8A0A6O5
  - json: {'subject': 'B8A0A6O5', 'label': 0.0}
  - q5.x.png: Valid Image -> Tensor Shape: [3, 224, 224]
  - q5.hand.png: Valid Image -> Tensor Shape: [3, 224, 224]
  - q5.number_random.png: Valid Image -> Tensor Shape: [3, 224, 224]

----------------------------------------------
|                SLURM EPILOG                |
----------------------------------------------
Job ID: 4271566
Cluster: flamingo
User/Group: a_morelli/gs_hpc_u1018
Nodelist: n01
Nodes: 1
Cores per node: 32
Job started at: 2026-05-18 18:09:58
Job ended at:   2026-05-18 19:03:31
Job Wall-clock time: 00:53:33
CPU Utilized: 1-02:25:07
CPU Efficiency: 92.50% of 1-04:33:36 core-walltime
Memory Utilized: 1.64 GB
Memory Efficiency: 2.56% of 64.00 GB
